Date,US_10Y,US_30Y,US_5Y,Germany_5Y,Germany_10Y,UK_5Y,UK_10Y,US_CPI,Germany_CPI,France_CPI,Italy_CPI,Spain_CPI,Poland_CPI,UK_CPI_YoY
1990-01-01,N/A,N/A,N/A,N/A,N/A,N/A,N/A,N/A,N/A,N/A,N/A,N/A,N/A,5.7
1990-02-01,N/A,N/A,N/A,N/A,N/A,N/A,N/A,N/A,N/A,N/A,N/A,N/A,N/A,5.9
1990-03-01,N/A,N/A,N/A,N/A,N/A,N/A,N/A,N/A,N/A,N/A,N/A,N/A,N/A,6.0
1990-04-01,N/A,N/A,N/A,N/A,N/A,N/A,N/A,N/A,N/A,N/A,N/A,N/A,N/A,6.4
1990-05-01,N/A,N/A,N/A,N/A,N/A,N/A,N/A,N/A,N/A,N/A,N/A,N/A,N/A,6.8
1990-06-01,N/A,N/A,N/A,N/A,N/A,N/A,N/A,N/A,N/A,N/A,N/A,N/A,N/A,6.9
1990-07-01,N/A,N/A,N/A,N/A,N/A,N/A,N/A,N/A,N/A,N/A,N/A,N/A,N/A,6.8
1990-08-01,N/A,N/A,N/A,N/A,N/A,N/A,N/A,N/A,N/A,N/A,N/A,N/A,N/A,7.7
1990-09-01,N/A,N/A,N/A,N/A,N/A,N/A,N/A,N/A,N/A,N/A,N/A,N/A,N/A,8.1
1990-10-01,N/A,N/A,N/A,N/A,N/A,N/A,N/A,N/A,N/A,N/A,N/A,N/A,N/A,8.1
1990-11-01,N/A,N/A,N/A,N/A,N/A,N/A,N/A,N/A,N/A,N/A,N/A,N/A,N/A,7.8
1990-12-01,N/A,N/A,N/A,N/A,N/A,N/A,N/A,N/A,N/A,N/A,N/A,N/A,N/A,7.6
1991-01-01,N/A,N/A,N/A,N/A,N/A,N/A,N/A,N/A,N/A,N/A,N/A,N/A,N/A,7.1
1991-02-01,N/A,N/A,N/A,N/A,N/A,N/A,N/A,N/A,N/A,N/A,N/A,N/A,N/A,7.0
1991-03-01,N/A,N/A,N/A,N/A,N/A,N/A,N/A,N/A,N/A,N/A,N/A,N/A,N/A,6.9
1991-04-01,N/A,N/A,N/A,N/A,N/A,N/A,N/A,N/A,N/A,N/A,N/A,N/A,N/A,8.4
1991-05-01,N/A,N/A,N/A,N/A,N/A,N/A,N/A,N/A,N/A,N/A,N/A,N/A,N/A,8.2
1991-06-01,N/A,N/A,N/A,N/A,N/A,N/A,N/A,N/A,N/A,N/A,N/A,N/A,N/A,8.4
1991-07-01,N/A,N/A,N/A,N/A,N/A,N/A,N/A,N/A,N/A,N/A,N/A,N/A,N/A,8.3
1991-08-01,N/A,N/A,N/A,N/A,N/A,N/A,N/A,N/A,N/A,N/A,N/A,N/A,N/A,7.9
1991-09-01,N/A,N/A,N/A,N/A,N/A,N/A,N/A,N/A,N/A,N/A,N/A,N/A,N/A,7.1
1991-10-01,N/A,N/A,N/A,N/A,N/A,N/A,N/A,N/A,N/A,N/A,N/A,N/A,N/A,6.8
1991-11-01,N/A,N/A,N/A,N/A,N/A,N/A,N/A,N/A,N/A,N/A,N/A,N/A,N/A,7.1
1991-12-01,N/A,N/A,N/A,N/A,N/A,N/A,N/A,N/A,N/A,N/A,N/A,N/A,N/A,7.2
1992-01-01,N/A,N/A,N/A,N/A,N/A,N/A,N/A,N/A,N/A,N/A,N/A,N/A,N/A,7.0
1992-02-01,N/A,N/A,N/A,N/A,N/A,N/A,N/A,N/A,N/A,N/A,N/A,N/A,N/A,6.9
1992-03-01,N/A,N/A,N/A,N/A,N/A,N/A,N/A,N/A,N/A,N/A,N/A,N/A,N/A,7.1
1992-04-01,N/A,N/A,N/A,N/A,N/A,N/A,N/A,N/A,N/A,N/A,N/A,N/A,N/A,4.7
1992-05-01,N/A,N/A,N/A,N/A,N/A,N/A,N/A,N/A,N/A,N/A,N/A,N/A,N/A,4.3
1992-06-01,N/A,N/A,N/A,N/A,N/A,N/A,N/A,N/A,N/A,N/A,N/A,N/A,N/A,3.8
1992-07-01,N/A,N/A,N/A,N/A,N/A,N/A,N/A,N/A,N/A,N/A,N/A,N/A,N/A,3.6
1992-08-01,N/A,N/A,N/A,N/A,N/A,N/A,N/A,N/A,N/A,N/A,N/A,N/A,N/A,3.0
1992-09-01,N/A,N/A,N/A,N/A,N/A,N/A,N/A,N/A,N/A,N/A,N/A,N/A,N/A,3.0
1992-10-01,N/A,N/A,N/A,N/A,N/A,N/A,N/A,N/A,N/A,N/A,N/A,N/A,N/A,2.9
1992-11-01,N/A,N/A,N/A,N/A,N/A,N/A,N/A,N/A,N/A,N/A,N/A,N/A,N/A,2.6
1992-12-01,N/A,N/A,N/A,N/A,N/A,N/A,N/A,N/A,N/A,N/A,N/A,N/A,N/A,2.6
1993-01-01,N/A,N/A,N/A,N/A,N/A,N/A,N/A,N/A,N/A,N/A,N/A,N/A,N/A,2.2
1993-02-01,N/A,N/A,N/A,N/A,N/A,N/A,N/A,N/A,N/A,N/A,N/A,N/A,N/A,2.4
1993-03-01,N/A,N/A,N/A,N/A,N/A,N/A,N/A,N/A,N/A,N/A,N/A,N/A,N/A,2.5
1993-04-01,N/A,N/A,N/A,N/A,N/A,N/A,N/A,N/A,N/A,N/A,N/A,N/A,N/A,2.5
1993-05-01,N/A,N/A,N/A,N/A,N/A,N/A,N/A,N/A,N/A,N/A,N/A,N/A,N/A,2.5
1993-06-01,N/A,N/A,N/A,N/A,N/A,N/A,N/A,N/A,N/A,N/A,N/A,N/A,N/A,2.4
1993-07-01,N/A,N/A,N/A,N/A,N/A,N/A,N/A,N/A,N/A,N/A,N/A,N/A,N/A,2.6
1993-08-01,N/A,N/A,N/A,N/A,N/A,N/A,N/A,N/A,N/A,N/A,N/A,N/A,N/A,2.9
1993-09-01,N/A,N/A,N/A,N/A,N/A,N/A,N/A,N/A,N/A,N/A,N/A,N/A,N/A,3.1
1993-10-01,N/A,N/A,N/A,N/A,N/A,N/A,N/A,N/A,N/A,N/A,N/A,N/A,N/A,2.6
1993-11-01,N/A,N/A,N/A,N/A,N/A,N/A,N/A,N/A,N/A,N/A,N/A,N/A,N/A,2.3
1993-12-01,N/A,N/A,N/A,N/A,N/A,N/A,N/A,N/A,N/A,N/A,N/A,N/A,N/A,2.4
1994-01-01,N/A,N/A,N/A,N/A,N/A,N/A,N/A,N/A,N/A,N/A,N/A,N/A,N/A,2.7
1994-02-01,N/A,N/A,N/A,N/A,N/A,N/A,N/A,N/A,N/A,N/A,N/A,N/A,N/A,2.5
1994-03-01,N/A,N/A,N/A,N/A,N/A,N/A,N/A,N/A,N/A,N/A,N/A,N/A,N/A,2.2
1994-04-01,N/A,N/A,N/A,N/A,N/A,N/A,N/A,N/A,N/A,N/A,N/A,N/A,N/A,2.0
1994-05-01,N/A,N/A,N/A,N/A,N/A,N/A,N/A,N/A,N/A,N/A,N/A,N/A,N/A,2.0
1994-06-01,N/A,N/A,N/A,N/A,N/A,N/A,N/A,N/A,N/A,N/A,N/A,N/A,N/A,2.0
1994-07-01,N/A,N/A,N/A,N/A,N/A,N/A,N/A,N/A,N/A,N/A,N/A,N/A,N/A,1.7
1994-08-01,N/A,N/A,N/A,N/A,N/A,N/A,N/A,N/A,N/A,N/A,N/A,N/A,N/A,1.9
1994-09-01,N/A,N/A,N/A,N/A,N/A,N/A,N/A,N/A,N/A,N/A,N/A,N/A,N/A,1.5
1994-10-01,N/A,N/A,N/A,N/A,N/A,N/A,N/A,N/A,N/A,N/A,N/A,N/A,N/A,1.5
1994-11-01,N/A,N/A,N/A,N/A,N/A,N/A,N/A,N/A,N/A,N/A,N/A,N/A,N/A,1.8
1994-12-01,N/A,N/A,N/A,N/A,N/A,N/A,N/A,N/A,N/A,N/A,N/A,N/A,N/A,2.0
1995-01-01,N/A,N/A,N/A,N/A,N/A,N/A,N/A,N/A,N/A,N/A,N/A,N/A,N/A,2.4
1995-02-01,N/A,N/A,N/A,N/A,N/A,N/A,N/A,N/A,N/A,N/A,N/A,N/A,N/A,2.4
1995-03-01,N/A,N/A,N/A,N/A,N/A,N/A,N/A,N/A,N/A,N/A,N/A,N/A,N/A,2.6
1995-04-01,N/A,N/A,N/A,N/A,N/A,N/A,N/A,N/A,N/A,N/A,N/A,N/A,N/A,2.3
1995-05-01,N/A,N/A,N/A,N/A,N/A,N/A,N/A,N/A,N/A,N/A,N/A,N/A,N/A,2.5
1995-06-01,N/A,N/A,N/A,N/A,N/A,N/A,N/A,N/A,N/A,N/A,N/A,N/A,N/A,2.6
1995-07-01,N/A,N/A,N/A,N/A,N/A,N/A,N/A,N/A,N/A,N/A,N/A,N/A,N/A,2.7
1995-08-01,N/A,N/A,N/A,N/A,N/A,N/A,N/A,N/A,N/A,N/A,N/A,N/A,N/A,2.6
1995-09-01,N/A,N/A,N/A,N/A,N/A,N/A,N/A,N/A,N/A,N/A,N/A,N/A,N/A,3.0
1995-10-01,N/A,N/A,N/A,N/A,N/A,N/A,N/A,N/A,N/A,N/A,N/A,N/A,N/A,2.9
1995-11-01,N/A,N/A,N/A,N/A,N/A,N/A,N/A,N/A,N/A,N/A,N/A,N/A,N/A,2.8
1995-12-01,N/A,N/A,N/A,N/A,N/A,N/A,N/A,N/A,N/A,N/A,N/A,N/A,N/A,3.0
1996-01-01,N/A,N/A,N/A,N/A,N/A,N/A,N/A,N/A,N/A,N/A,N/A,N/A,N/A,2.6
1996-02-01,N/A,N/A,N/A,N/A,N/A,N/A,N/A,N/A,N/A,N/A,N/A,N/A,N/A,2.7
1996-03-01,N/A,N/A,N/A,N/A,N/A,N/A,N/A,N/A,N/A,N/A,N/A,N/A,N/A,2.6
1996-04-01,N/A,N/A,N/A,N/A,N/A,N/A,N/A,N/A,N/A,N/A,N/A,N/A,N/A,2.5
1996-05-01,N/A,N/A,N/A,N/A,N/A,N/A,N/A,N/A,N/A,N/A,N/A,N/A,N/A,2.3
1996-06-01,N/A,N/A,N/A,N/A,N/A,N/A,N/A,N/A,N/A,N/A,N/A,N/A,N/A,2.3
1996-07-01,N/A,N/A,N/A,N/A,N/A,N/A,N/A,N/A,N/A,N/A,N/A,N/A,N/A,2.2
1996-08-01,N/A,N/A,N/A,N/A,N/A,N/A,N/A,N/A,N/A,N/A,N/A,N/A,N/A,2.3
1996-09-01,N/A,N/A,N/A,N/A,N/A,N/A,N/A,N/A,N/A,N/A,N/A,N/A,N/A,2.3
1996-10-01,N/A,N/A,N/A,N/A,N/A,N/A,N/A,N/A,N/A,N/A,N/A,N/A,N/A,2.5
1996-11-01,N/A,N/A,N/A,N/A,N/A,N/A,N/A,N/A,N/A,N/A,N/A,N/A,N/A,2.6
1996-12-01,N/A,N/A,N/A,N/A,N/A,N/A,N/A,N/A,N/A,N/A,N/A,N/A,N/A,2.3
1997-01-01,N/A,N/A,N/A,N/A,N/A,N/A,N/A,N/A,N/A,N/A,N/A,N/A,N/A,2.1
1997-02-01,N/A,N/A,N/A,N/A,N/A,N/A,N/A,N/A,N/A,N/A,N/A,N/A,N/A,1.9
1997-03-01,N/A,N/A,N/A,N/A,N/A,N/A,N/A,N/A,N/A,N/A,N/A,N/A,N/A,1.7
1997-04-01,N/A,N/A,N/A,N/A,N/A,N/A,N/A,N/A,N/A,N/A,N/A,N/A,N/A,1.6
1997-05-01,N/A,N/A,N/A,N/A,N/A,N/A,N/A,N/A,N/A,N/A,N/A,N/A,N/A,1.6
1997-06-01,N/A,N/A,N/A,N/A,N/A,N/A,N/A,N/A,N/A,N/A,N/A,N/A,N/A,1.7
1997-07-01,N/A,N/A,N/A,N/A,N/A,N/A,N/A,N/A,N/A,N/A,N/A,N/A,N/A,2.0
1997-08-01,N/A,N/A,N/A,N/A,N/A,N/A,N/A,N/A,N/A,N/A,N/A,N/A,N/A,2.0
1997-09-01,N/A,N/A,N/A,N/A,N/A,N/A,N/A,N/A,N/A,N/A,N/A,N/A,N/A,1.8
1997-10-01,N/A,N/A,N/A,N/A,N/A,N/A,N/A,N/A,N/A,N/A,N/A,N/A,N/A,1.9
1997-11-01,N/A,N/A,N/A,N/A,N/A,N/A,N/A,N/A,N/A,N/A,N/A,N/A,N/A,1.9
1997-12-01,N/A,N/A,N/A,N/A,N/A,N/A,N/A,N/A,N/A,N/A,N/A,N/A,N/A,1.7
1998-01-01,N/A,N/A,N/A,N/A,N/A,N/A,N/A,N/A,N/A,N/A,N/A,N/A,N/A,1.5
1998-02-01,N/A,N/A,N/A,N/A,N/A,N/A,N/A,N/A,N/A,N/A,N/A,N/A,N/A,1.6
1998-03-01,N/A,N/A,N/A,N/A,N/A,N/A,N/A,N/A,N/A,N/A,N/A,N/A,N/A,1.7
1998-04-01,N/A,N/A,N/A,N/A,N/A,N/A,N/A,N/A,N/A,N/A,N/A,N/A,N/A,1.8
1998-05-01,N/A,N/A,N/A,N/A,N/A,N/A,N/A,N/A,N/A,N/A,N/A,N/A,N/A,2.0
1998-06-01,N/A,N/A,N/A,N/A,N/A,N/A,N/A,N/A,N/A,N/A,N/A,N/A,N/A,1.7
1998-07-01,N/A,N/A,N/A,N/A,N/A,N/A,N/A,N/A,N/A,N/A,N/A,N/A,N/A,1.4
1998-08-01,N/A,N/A,N/A,N/A,N/A,N/A,N/A,N/A,N/A,N/A,N/A,N/A,N/A,1.3
1998-09-01,N/A,N/A,N/A,N/A,N/A,N/A,N/A,N/A,N/A,N/A,N/A,N/A,N/A,1.4
1998-10-01,N/A,N/A,N/A,N/A,N/A,N/A,N/A,N/A,N/A,N/A,N/A,N/A,N/A,1.4
1998-11-01,N/A,N/A,N/A,N/A,N/A,N/A,N/A,N/A,N/A,N/A,N/A,N/A,N/A,1.4
1998-12-01,N/A,N/A,N/A,N/A,N/A,N/A,N/A,N/A,N/A,N/A,N/A,N/A,N/A,1.6
1999-01-01,N/A,N/A,N/A,N/A,N/A,N/A,N/A,N/A,N/A,N/A,N/A,N/A,N/A,1.6
1999-02-01,N/A,N/A,N/A,N/A,N/A,N/A,N/A,N/A,N/A,N/A,N/A,N/A,N/A,1.4
1999-03-01,N/A,N/A,N/A,N/A,N/A,N/A,N/A,N/A,N/A,N/A,N/A,N/A,N/A,1.7
1999-04-01,N/A,N/A,N/A,N/A,N/A,N/A,N/A,N/A,N/A,N/A,N/A,N/A,N/A,1.5
1999-05-01,N/A,N/A,N/A,N/A,N/A,N/A,N/A,N/A,N/A,N/A,N/A,N/A,N/A,1.3
1999-06-01,N/A,N/A,N/A,N/A,N/A,N/A,N/A,N/A,N/A,N/A,N/A,N/A,N/A,1.3
1999-07-01,N/A,N/A,N/A,N/A,N/A,N/A,N/A,N/A,N/A,N/A,N/A,N/A,N/A,1.3
1999-08-01,N/A,N/A,N/A,N/A,N/A,N/A,N/A,N/A,N/A,N/A,N/A,N/A,N/A,1.2
1999-09-01,N/A,N/A,N/A,N/A,N/A,N/A,N/A,N/A,N/A,N/A,N/A,N/A,N/A,1.2
1999-10-01,N/A,N/A,N/A,N/A,N/A,N/A,N/A,N/A,N/A,N/A,N/A,N/A,N/A,1.1
1999-11-01,N/A,N/A,N/A,N/A,N/A,N/A,N/A,N/A,N/A,N/A,N/A,N/A,N/A,1.2
1999-12-01,N/A,N/A,N/A,N/A,N/A,N/A,N/A,N/A,N/A,N/A,N/A,N/A,N/A,1.1
2000-01-01,N/A,N/A,N/A,N/A,N/A,N/A,N/A,N/A,N/A,N/A,N/A,N/A,N/A,0.8
2000-02-01,N/A,N/A,N/A,N/A,N/A,N/A,N/A,N/A,N/A,N/A,N/A,N/A,N/A,0.9
2000-03-01,N/A,N/A,N/A,N/A,N/A,N/A,N/A,N/A,N/A,N/A,N/A,N/A,N/A,0.6
2000-04-01,N/A,N/A,N/A,N/A,N/A,N/A,N/A,N/A,N/A,N/A,N/A,N/A,N/A,0.6
2000-05-01,N/A,N/A,N/A,N/A,N/A,N/A,N/A,N/A,N/A,N/A,N/A,N/A,N/A,0.5
2000-06-01,N/A,N/A,N/A,N/A,N/A,N/A,N/A,N/A,N/A,N/A,N/A,N/A,N/A,0.8
2000-07-01,N/A,N/A,N/A,N/A,N/A,N/A,N/A,N/A,N/A,N/A,N/A,N/A,N/A,0.9
2000-08-01,N/A,N/A,N/A,N/A,N/A,N/A,N/A,N/A,N/A,N/A,N/A,N/A,N/A,0.6
2000-09-01,N/A,N/A,N/A,N/A,N/A,N/A,N/A,N/A,N/A,N/A,N/A,N/A,N/A,1.0
2000-10-01,N/A,N/A,N/A,N/A,N/A,N/A,N/A,N/A,N/A,N/A,N/A,N/A,N/A,1.0
2000-11-01,N/A,N/A,N/A,N/A,N/A,N/A,N/A,N/A,N/A,N/A,N/A,N/A,N/A,1.1
2000-12-01,N/A,N/A,N/A,N/A,N/A,N/A,N/A,N/A,N/A,N/A,N/A,N/A,N/A,0.8
2001-01-01,N/A,N/A,N/A,N/A,N/A,N/A,N/A,N/A,N/A,N/A,N/A,N/A,N/A,0.9
2001-02-01,N/A,N/A,N/A,N/A,N/A,N/A,N/A,N/A,N/A,N/A,N/A,N/A,N/A,0.8
2001-03-01,N/A,N/A,N/A,N/A,N/A,N/A,N/A,N/A,N/A,N/A,N/A,N/A,N/A,0.9
2001-04-01,N/A,N/A,N/A,N/A,N/A,N/A,N/A,N/A,N/A,N/A,N/A,N/A,N/A,1.2
2001-05-01,N/A,N/A,N/A,N/A,N/A,N/A,N/A,N/A,N/A,N/A,N/A,N/A,N/A,1.7
2001-06-01,N/A,N/A,N/A,N/A,N/A,N/A,N/A,N/A,N/A,N/A,N/A,N/A,N/A,1.7
2001-07-01,N/A,N/A,N/A,N/A,N/A,N/A,N/A,N/A,N/A,N/A,N/A,N/A,N/A,1.4
2001-08-01,N/A,N/A,N/A,N/A,N/A,N/A,N/A,N/A,N/A,N/A,N/A,N/A,N/A,1.8
2001-09-01,N/A,N/A,N/A,N/A,N/A,N/A,N/A,N/A,N/A,N/A,N/A,N/A,N/A,1.3
2001-10-01,N/A,N/A,N/A,N/A,N/A,N/A,N/A,N/A,N/A,N/A,N/A,N/A,N/A,1.2
2001-11-01,N/A,N/A,N/A,N/A,N/A,N/A,N/A,N/A,N/A,N/A,N/A,N/A,N/A,0.8
2001-12-01,N/A,N/A,N/A,N/A,N/A,N/A,N/A,N/A,N/A,N/A,N/A,N/A,N/A,1.1
2002-01-01,N/A,N/A,N/A,N/A,N/A,N/A,N/A,N/A,N/A,N/A,N/A,N/A,N/A,1.6
2002-02-01,N/A,N/A,N/A,N/A,N/A,N/A,N/A,N/A,N/A,N/A,N/A,N/A,N/A,1.5
2002-03-01,N/A,N/A,N/A,N/A,N/A,N/A,N/A,N/A,N/A,N/A,N/A,N/A,N/A,1.5
2002-04-01,N/A,N/A,N/A,N/A,N/A,N/A,N/A,N/A,N/A,N/A,N/A,N/A,N/A,1.4
2002-05-01,N/A,N/A,N/A,N/A,N/A,N/A,N/A,N/A,N/A,N/A,N/A,N/A,N/A,0.8
2002-06-01,N/A,N/A,N/A,N/A,N/A,N/A,N/A,N/A,N/A,N/A,N/A,N/A,N/A,0.6
2002-07-01,N/A,N/A,N/A,N/A,N/A,N/A,N/A,N/A,N/A,N/A,N/A,N/A,N/A,1.1
2002-08-01,N/A,N/A,N/A,N/A,N/A,N/A,N/A,N/A,N/A,N/A,N/A,N/A,N/A,1.0
2002-09-01,N/A,N/A,N/A,N/A,N/A,N/A,N/A,N/A,N/A,N/A,N/A,N/A,N/A,1.0
2002-10-01,N/A,N/A,N/A,N/A,N/A,N/A,N/A,N/A,N/A,N/A,N/A,N/A,N/A,1.4
2002-11-01,N/A,N/A,N/A,N/A,N/A,N/A,N/A,N/A,N/A,N/A,N/A,N/A,N/A,1.5
2002-12-01,N/A,N/A,N/A,N/A,N/A,N/A,N/A,N/A,N/A,N/A,N/A,N/A,N/A,1.7
2003-01-01,N/A,N/A,N/A,N/A,N/A,N/A,N/A,N/A,N/A,N/A,N/A,N/A,N/A,1.3
2003-02-01,N/A,N/A,N/A,N/A,N/A,N/A,N/A,N/A,N/A,N/A,N/A,N/A,N/A,1.6
2003-03-01,N/A,N/A,N/A,N/A,N/A,N/A,N/A,N/A,N/A,N/A,N/A,N/A,N/A,1.5
2003-04-01,N/A,N/A,N/A,N/A,N/A,N/A,N/A,N/A,N/A,N/A,N/A,N/A,N/A,1.4
2003-05-01,N/A,N/A,N/A,N/A,N/A,N/A,N/A,N/A,N/A,N/A,N/A,N/A,N/A,1.3
2003-06-01,N/A,N/A,N/A,N/A,N/A,N/A,N/A,N/A,N/A,N/A,N/A,N/A,N/A,1.1
2003-07-01,N/A,N/A,N/A,N/A,N/A,N/A,N/A,N/A,N/A,N/A,N/A,N/A,N/A,1.3
2003-08-01,N/A,N/A,N/A,N/A,N/A,N/A,N/A,N/A,N/A,N/A,N/A,N/A,N/A,1.4
2003-09-01,N/A,N/A,N/A,N/A,N/A,N/A,N/A,N/A,N/A,N/A,N/A,N/A,N/A,1.4
2003-10-01,N/A,N/A,N/A,N/A,N/A,N/A,N/A,N/A,N/A,N/A,N/A,N/A,N/A,1.4
2003-11-01,N/A,N/A,N/A,N/A,N/A,N/A,N/A,N/A,N/A,N/A,N/A,N/A,N/A,1.3
2003-12-01,N/A,N/A,N/A,N/A,N/A,N/A,N/A,N/A,N/A,N/A,N/A,N/A,N/A,1.3
2004-01-01,N/A,N/A,N/A,N/A,N/A,N/A,N/A,N/A,N/A,N/A,N/A,N/A,N/A,1.4
2004-02-01,N/A,N/A,N/A,N/A,N/A,N/A,N/A,N/A,N/A,N/A,N/A,N/A,N/A,1.3
2004-03-01,N/A,N/A,N/A,N/A,N/A,N/A,N/A,N/A,N/A,N/A,N/A,N/A,N/A,1.1
2004-04-01,N/A,N/A,N/A,N/A,N/A,N/A,N/A,N/A,N/A,N/A,N/A,N/A,N/A,1.1
2004-05-01,N/A,N/A,N/A,N/A,N/A,N/A,N/A,N/A,N/A,N/A,N/A,N/A,N/A,1.5
2004-06-01,N/A,N/A,N/A,N/A,N/A,N/A,N/A,N/A,N/A,N/A,N/A,N/A,N/A,1.6
2004-07-01,N/A,N/A,N/A,N/A,N/A,N/A,N/A,N/A,N/A,N/A,N/A,N/A,N/A,1.4
2004-08-01,N/A,N/A,N/A,N/A,N/A,N/A,N/A,N/A,N/A,N/A,N/A,N/A,N/A,1.3
2004-09-01,N/A,N/A,N/A,N/A,N/A,N/A,N/A,N/A,N/A,N/A,N/A,N/A,N/A,1.1
2004-10-01,N/A,N/A,N/A,N/A,N/A,N/A,N/A,N/A,N/A,N/A,N/A,N/A,N/A,1.2
2004-11-01,N/A,N/A,N/A,N/A,N/A,N/A,N/A,N/A,N/A,N/A,N/A,N/A,N/A,1.5
2004-12-01,N/A,N/A,N/A,N/A,N/A,N/A,N/A,N/A,N/A,N/A,N/A,N/A,N/A,1.7
2005-01-01,N/A,N/A,N/A,N/A,N/A,N/A,N/A,N/A,N/A,N/A,N/A,N/A,N/A,1.6
2005-02-01,N/A,N/A,N/A,N/A,N/A,N/A,N/A,N/A,N/A,N/A,N/A,N/A,N/A,1.7
2005-03-01,N/A,N/A,N/A,N/A,N/A,N/A,N/A,N/A,N/A,N/A,N/A,N/A,N/A,1.9
2005-04-01,N/A,N/A,N/A,N/A,N/A,N/A,N/A,N/A,N/A,N/A,N/A,N/A,N/A,1.9
2005-05-01,N/A,N/A,N/A,N/A,N/A,N/A,N/A,N/A,N/A,N/A,N/A,N/A,N/A,1.9
2005-06-01,N/A,N/A,N/A,N/A,N/A,N/A,N/A,N/A,N/A,N/A,N/A,N/A,N/A,2.0
2005-07-01,N/A,N/A,N/A,N/A,N/A,N/A,N/A,N/A,N/A,N/A,N/A,N/A,N/A,2.3
2005-08-01,N/A,N/A,N/A,N/A,N/A,N/A,N/A,N/A,N/A,N/A,N/A,N/A,N/A,2.4
2005-09-01,N/A,N/A,N/A,N/A,N/A,N/A,N/A,N/A,N/A,N/A,N/A,N/A,N/A,2.5
2005-10-01,N/A,N/A,N/A,N/A,N/A,N/A,N/A,N/A,N/A,N/A,N/A,N/A,N/A,2.3
2005-11-01,N/A,N/A,N/A,N/A,N/A,N/A,N/A,N/A,N/A,N/A,N/A,N/A,N/A,2.1
2005-12-01,N/A,N/A,N/A,N/A,N/A,N/A,N/A,N/A,N/A,N/A,N/A,N/A,N/A,1.9
2006-01-01,N/A,N/A,N/A,N/A,N/A,N/A,N/A,N/A,N/A,N/A,N/A,N/A,N/A,1.9
2006-02-01,N/A,N/A,N/A,N/A,N/A,N/A,N/A,N/A,N/A,N/A,N/A,N/A,N/A,2.0
2006-03-01,N/A,N/A,N/A,N/A,N/A,N/A,N/A,N/A,N/A,N/A,N/A,N/A,N/A,1.8
2006-04-01,N/A,N/A,N/A,N/A,N/A,N/A,N/A,N/A,N/A,N/A,N/A,N/A,N/A,2.0
2006-05-01,N/A,N/A,N/A,N/A,N/A,N/A,N/A,N/A,N/A,N/A,N/A,N/A,N/A,2.2
2006-06-01,N/A,N/A,N/A,N/A,N/A,N/A,N/A,N/A,N/A,N/A,N/A,N/A,N/A,2.5
2006-07-01,N/A,N/A,N/A,N/A,N/A,N/A,N/A,N/A,N/A,N/A,N/A,N/A,N/A,2.4
2006-08-01,N/A,N/A,N/A,N/A,N/A,N/A,N/A,N/A,N/A,N/A,N/A,N/A,N/A,2.5
2006-09-01,N/A,N/A,N/A,N/A,N/A,N/A,N/A,N/A,N/A,N/A,N/A,N/A,N/A,2.4
2006-10-01,N/A,N/A,N/A,N/A,N/A,N/A,N/A,N/A,N/A,N/A,N/A,N/A,N/A,2.4
2006-11-01,N/A,N/A,N/A,N/A,N/A,N/A,N/A,N/A,N/A,N/A,N/A,N/A,N/A,2.7
2006-12-01,N/A,N/A,N/A,N/A,N/A,N/A,N/A,N/A,N/A,N/A,N/A,N/A,N/A,3.0
2007-01-01,N/A,N/A,N/A,N/A,N/A,N/A,N/A,N/A,N/A,N/A,N/A,N/A,N/A,2.7
2007-02-01,N/A,N/A,N/A,N/A,N/A,N/A,N/A,N/A,N/A,N/A,N/A,N/A,N/A,2.8
2007-03-01,N/A,N/A,N/A,N/A,N/A,N/A,N/A,N/A,N/A,N/A,N/A,N/A,N/A,3.1
2007-04-01,N/A,N/A,N/A,N/A,N/A,N/A,N/A,N/A,N/A,N/A,N/A,N/A,N/A,2.8
2007-05-01,N/A,N/A,N/A,N/A,N/A,N/A,N/A,N/A,N/A,N/A,N/A,N/A,N/A,2.5
2007-06-01,N/A,N/A,N/A,N/A,N/A,N/A,N/A,N/A,N/A,N/A,N/A,N/A,N/A,2.4
2007-07-01,N/A,N/A,N/A,N/A,N/A,N/A,N/A,N/A,N/A,N/A,N/A,N/A,N/A,1.9
2007-08-01,N/A,N/A,N/A,N/A,N/A,N/A,N/A,N/A,N/A,N/A,N/A,N/A,N/A,1.8
2007-09-01,N/A,N/A,N/A,N/A,N/A,N/A,N/A,N/A,N/A,N/A,N/A,N/A,N/A,1.8
2007-10-01,N/A,N/A,N/A,N/A,N/A,N/A,N/A,N/A,N/A,N/A,N/A,N/A,N/A,2.1
2007-11-01,N/A,N/A,N/A,N/A,N/A,N/A,N/A,N/A,N/A,N/A,N/A,N/A,N/A,2.1
2007-12-01,N/A,N/A,N/A,N/A,N/A,N/A,N/A,N/A,N/A,N/A,N/A,N/A,N/A,2.1
2008-01-01,N/A,N/A,N/A,N/A,N/A,N/A,N/A,N/A,N/A,N/A,N/A,N/A,N/A,2.2
2008-02-01,N/A,N/A,N/A,N/A,N/A,N/A,N/A,N/A,N/A,N/A,N/A,N/A,N/A,2.5
2008-03-01,N/A,N/A,N/A,N/A,N/A,N/A,N/A,N/A,N/A,N/A,N/A,N/A,N/A,2.5
2008-04-01,N/A,N/A,N/A,N/A,N/A,N/A,N/A,N/A,N/A,N/A,N/A,N/A,N/A,3.0
2008-05-01,N/A,N/A,N/A,N/A,N/A,N/A,N/A,N/A,N/A,N/A,N/A,N/A,N/A,3.3
2008-06-01,N/A,N/A,N/A,N/A,N/A,N/A,N/A,N/A,N/A,N/A,N/A,N/A,N/A,3.8
2008-07-01,N/A,N/A,N/A,N/A,N/A,N/A,N/A,N/A,N/A,N/A,N/A,N/A,N/A,4.4
2008-08-01,N/A,N/A,N/A,N/A,N/A,N/A,N/A,N/A,N/A,N/A,N/A,N/A,N/A,4.7
2008-09-01,N/A,N/A,N/A,N/A,N/A,N/A,N/A,N/A,N/A,N/A,N/A,N/A,N/A,5.2
2008-10-01,N/A,N/A,N/A,N/A,N/A,N/A,N/A,N/A,N/A,N/A,N/A,N/A,N/A,4.5
2008-11-01,N/A,N/A,N/A,N/A,N/A,N/A,N/A,N/A,N/A,N/A,N/A,N/A,N/A,4.1
2008-12-01,N/A,N/A,N/A,N/A,N/A,N/A,N/A,N/A,N/A,N/A,N/A,N/A,N/A,3.1
2009-01-01,N/A,N/A,N/A,N/A,N/A,N/A,N/A,N/A,N/A,N/A,N/A,N/A,N/A,3.0
2009-02-01,N/A,N/A,N/A,N/A,N/A,N/A,N/A,N/A,N/A,N/A,N/A,N/A,N/A,3.2
2009-03-01,N/A,N/A,N/A,N/A,N/A,N/A,N/A,N/A,N/A,N/A,N/A,N/A,N/A,2.9
2009-04-01,N/A,N/A,N/A,N/A,N/A,N/A,N/A,N/A,N/A,N/A,N/A,N/A,N/A,2.3
2009-05-01,N/A,N/A,N/A,N/A,N/A,N/A,N/A,N/A,N/A,N/A,N/A,N/A,N/A,2.2
2009-06-01,N/A,N/A,N/A,N/A,N/A,N/A,N/A,N/A,N/A,N/A,N/A,N/A,N/A,1.8
2009-07-01,N/A,N/A,N/A,N/A,N/A,N/A,N/A,N/A,N/A,N/A,N/A,N/A,N/A,1.8
2009-08-01,N/A,N/A,N/A,N/A,N/A,N/A,N/A,N/A,N/A,N/A,N/A,N/A,N/A,1.6
2009-09-01,N/A,N/A,N/A,N/A,N/A,N/A,N/A,N/A,N/A,N/A,N/A,N/A,N/A,1.1
2009-10-01,N/A,N/A,N/A,N/A,N/A,N/A,N/A,N/A,N/A,N/A,N/A,N/A,N/A,1.5
2009-11-01,N/A,N/A,N/A,N/A,N/A,N/A,N/A,N/A,N/A,N/A,N/A,N/A,N/A,1.9
2009-12-01,N/A,N/A,N/A,N/A,N/A,N/A,N/A,N/A,N/A,N/A,N/A,N/A,N/A,2.9
2010-01-01,2.33,N/A,1.91,N/A,N/A,N/A,N/A,N/A,N/A,N/A,N/A,N/A,N/A,3.5
2010-02-01,2.13,2.46,1.83,N/A,N/A,N/A,N/A,N/A,N/A,N/A,N/A,N/A,N/A,3.0
2010-03-01,2.24,2.49,1.83,N/A,N/A,N/A,N/A,N/A,N/A,N/A,N/A,N/A,N/A,3.4
2010-04-01,2.4,2.64,2.01,N/A,N/A,N/A,N/A,N/A,N/A,N/A,N/A,N/A,N/A,3.7
2010-05-01,1.99,2.46,1.69,N/A,N/A,N/A,N/A,N/A,N/A,N/A,N/A,N/A,N/A,3.4
2010-06-01,1.82,2.36,1.54,N/A,N/A,N/A,N/A,N/A,N/A,N/A,N/A,N/A,N/A,3.2
2010-07-01,1.8,2.12,1.43,N/A,N/A,N/A,N/A,N/A,N/A,N/A,N/A,N/A,N/A,3.1
2010-08-01,1.52,2.04,1.19,N/A,N/A,N/A,N/A,N/A,N/A,N/A,N/A,N/A,N/A,3.1
2010-09-01,1.78,2.11,1.3,N/A,N/A,N/A,N/A,N/A,N/A,N/A,N/A,N/A,N/A,3.1
2010-10-01,2.13,2.43,1.48,N/A,N/A,N/A,N/A,N/A,N/A,N/A,N/A,N/A,N/A,3.2
2010-11-01,2.07,2.58,1.54,N/A,N/A,N/A,N/A,N/A,N/A,N/A,N/A,N/A,N/A,3.3
2010-12-01,2.3,2.53,1.83,N/A,N/A,N/A,N/A,N/A,N/A,N/A,N/A,N/A,N/A,3.7
2011-01-01,2.34,2.55,1.96,N/A,N/A,N/A,N/A,1.7007834915029774,1.7171660847896453,1.7416390640025536,2.1498893804709374,3.269567826987685,3.73997850836032,4.0
2011-02-01,2.39,2.52,2.15,N/A,N/A,N/A,N/A,2.124898173333145,1.9114587017773133,1.6576346828179878,2.3787860896806734,3.5894938823727296,3.7333405842134404,4.4
2011-03-01,2.48,2.62,2.21,N/A,N/A,N/A,N/A,2.619241510354109,2.002000670180526,1.9879454372422556,2.486470566738763,3.595373960077941,4.4326306596359055,4.0
2011-04-01,2.57,2.71,2.45,N/A,N/A,N/A,N/A,3.0772344447868694,1.9000009218362202,2.0778398903069206,2.6202164254942373,3.7790394999500654,4.501308195167764,4.5
2011-05-01,2.25,2.52,2.0,N/A,N/A,N/A,N/A,3.4589718808964998,2.002000670180526,2.012220817530541,2.6468570355722143,3.515420052449536,4.841544583574731,4.5
2011-06-01,2.43,2.45,2.03,N/A,N/A,N/A,N/A,3.5023181506360412,2.102109287493814,2.107259509008541,2.7469968027833414,3.184970417131039,4.126433470251567,4.2
2011-07-01,2.44,2.65,2.07,N/A,N/A,N/A,N/A,3.5798809769996165,2.097909361586159,1.9442096365173356,2.6796533211589146,3.093056169269892,3.957779364875269,4.4
2011-08-01,2.05,2.55,1.72,N/A,N/A,N/A,N/A,3.75499603070808,2.0958047639755284,2.234872443601099,2.758971339880656,2.961021688969656,4.416967669069871,4.5
2011-09-01,1.75,2.16,1.5,N/A,N/A,N/A,N/A,3.812621692818685,2.397613758474959,2.2365228399620074,2.979011161208489,3.1411892499177974,3.8630447882638697,5.2
2011-10-01,2.09,2.14,1.88,N/A,N/A,N/A,N/A,3.5222681306640524,2.2954118400297707,2.349594352544515,3.356407717626908,3.0134442763936065,4.017463369508456,5.0
2011-11-01,2.05,2.24,1.76,N/A,N/A,N/A,N/A,3.451432214581729,2.39282203617881,2.5152599452746838,3.256838556022368,2.872560258931811,4.624777387966628,4.8
2011-12-01,1.96,2.2,1.59,N/A,N/A,N/A,N/A,3.062066838419386,1.9821698728663906,2.462022001047659,3.2872949980374377,2.377523858873487,4.604697822609083,4.2
2012-01-01,2.11,2.29,1.88,N/A,N/A,N/A,N/A,3.0087663379855023,2.0853985907302697,2.352446964923338,3.162061675897476,1.998320218791494,4.034341480204429,3.6
2012-02-01,2.26,2.39,1.99,N/A,N/A,N/A,N/A,2.8981784423473878,2.1717719067569696,2.2891188460332446,3.2512343966125457,1.9744479140355153,4.284485635393431,3.4
2012-03-01,2.32,2.41,2.02,N/A,N/A,N/A,N/A,2.5828752813320977,2.1589737758351824,2.3017107309486695,3.336603696354179,1.8985280030773044,3.8200299720615227,3.5
2012-04-01,2.25,2.39,2.06,N/A,N/A,N/A,N/A,2.2731633741348567,1.9627177768887893,2.087208100847282,3.3203119053840435,2.060058862936498,3.885141882939913,3.0
2012-05-01,2.09,2.25,1.72,N/A,N/A,N/A,N/A,1.7379429374660749,1.9627177768887893,1.9828565527212572,3.2195042960145193,1.942958068799494,3.442492425538801,2.8
2012-06-01,2.13,2.2,1.72,N/A,N/A,N/A,N/A,1.653870448297634,1.6666612370952683,1.9296254256526701,3.3138394411005745,1.896086419798837,4.047213345694289,2.4
2012-07-01,2.2,2.2,1.83,N/A,N/A,N/A,N/A,1.4175114798464783,1.8590901267603543,1.938225538971805,3.1098214361268806,2.206673296770445,3.891704923042072,2.6
2012-08-01,2.25,2.3,1.95,N/A,N/A,N/A,N/A,1.6859349154821235,2.1505320010587026,2.0829036914827848,3.197677083333339,2.6544719486570223,3.553295799299283,2.5
2012-09-01,2.42,2.44,2.11,N/A,N/A,N/A,N/A,1.9497168982819613,2.0487768965170794,1.9089877205654915,3.197677083333339,3.4121804852216053,3.5502921711426216,2.2
2012-10-01,2.5,2.49,2.12,N/A,N/A,N/A,N/A,2.1556780595369363,2.0487768965170794,1.8529956763434274,2.6011582244645615,3.4752838433668165,3.274566468920437,2.7
2012-11-01,2.41,2.45,2.01,N/A,N/A,N/A,N/A,1.7960197033926262,1.9474183274458712,1.4166923313828184,2.50722748284562,2.9299027273069322,2.668898527224095,2.7
2012-12-01,2.45,2.55,2.09,N/A,N/A,N/A,N/A,1.7595049796895523,2.0408127124924347,1.3292433537832382,2.3054774089422914,2.868281849667831,2.3255790224445905,2.7
2013-01-01,2.59,2.6,2.33,N/A,N/A,N/A,N/A,1.684061762098299,1.6536912236622792,1.1697106505232924,2.2030600842618764,2.68310354158674,1.7326715110651092,2.7
2013-02-01,2.53,2.6,2.18,N/A,N/A,N/A,N/A,2.0181404902574807,1.545890527789262,1.042305334150817,1.9084019970792232,2.7540927913589197,1.314706971964541,2.8
2013-03-01,2.51,2.54,2.24,N/A,N/A,N/A,N/A,1.5187472411246183,1.4409316265128647,0.9729401033748752,1.6144294603489762,2.4273345465052554,0.9811928001663528,2.8
2013-04-01,2.34,2.45,2.06,N/A,N/A,N/A,N/A,1.138808047576867,1.1549517045519098,0.6882591093117396,1.1342164997266702,1.3855569855685035,0.8130073180646402,2.4
2013-05-01,2.21,2.39,1.87,N/A,N/A,N/A,N/A,1.3903888279197085,1.539939044960681,0.8000000000000007,1.1342164997266702,1.7223535772501908,0.5681812516141527,2.7
2013-06-01,1.99,2.19,1.76,N/A,N/A,N/A,N/A,1.7157935271568725,1.8322091105100524,0.9313626240129658,1.2264228918210218,2.0631234879723515,0.40518598235699255,2.9
2013-07-01,2.22,2.27,1.87,N/A,N/A,N/A,N/A,1.885471805415806,1.921238736398756,1.067615658362997,1.225246631937038,1.7740269664578534,1.2214971493397897,2.8
2013-08-01,2.1,2.32,1.78,N/A,N/A,N/A,N/A,1.538809488600279,1.531107742111515,0.8686868686868632,1.2206851797475604,1.5193283906525634,1.225488966082744,2.7
2013-09-01,2.19,2.29,1.74,N/A,N/A,N/A,N/A,1.0947341081747997,1.4340334175347191,0.8809234507897834,0.9389645297450455,0.3416315725425889,1.2244885679300266,2.7
2013-10-01,2.17,2.31,1.74,N/A,N/A,N/A,N/A,0.8767991434911471,1.242833060917059,0.5659995957145725,0.7511776801339076,-0.09949923990888454,0.9756087816775727,2.2
2013-11-01,2.15,2.29,1.69,N/A,N/A,N/A,N/A,1.2328701961954458,1.3371549167412233,0.6782062961838031,0.6585108246332183,0.2321226447325353,0.7311121867000558,2.1
2013-12-01,2.24,2.28,1.69,N/A,N/A,N/A,N/A,1.5128383667573297,1.4285704077118933,0.7063572149344166,0.6572741614318867,0.25214815782417244,0.7305187520753487,2.0
2014-01-01,2.14,2.33,1.72,N/A,N/A,N/A,N/A,1.557758795574915,1.3397244030681987,0.6490872210953347,0.6560422004515454,0.19851514600195408,0.7299262800362305,1.9
2014-02-01,2.17,2.26,1.79,N/A,N/A,N/A,N/A,1.1204746347724948,1.2369204434147685,0.9203074433657088,0.468168526175039,-0.01715148978300718,0.8110292000402586,1.7
2014-03-01,2.13,2.29,1.7,N/A,N/A,N/A,N/A,1.6126949139408042,1.0416639175479636,0.6122653819130797,0.37382875229265977,-0.1462828014502704,0.7287442143618206,1.6
2014-04-01,2.18,2.29,1.96,N/A,N/A,N/A,N/A,2.015125303606169,1.3320658162430554,0.7237635705669376,0.5607280583449725,0.36687896570533063,0.3225803255723303,1.8
2014-05-01,2.22,2.31,1.93,N/A,N/A,N/A,N/A,2.166947687079812,0.8530819940394174,0.6831424552943499,0.4672934754128333,0.2059594367996187,0.3228406807020523,1.5
2014-06-01,2.26,2.31,2.0,N/A,N/A,N/A,N/A,2.0589816945944195,1.0416639175479636,0.4814443329989926,0.27956009359813017,0.08584676896328247,0.3228406807020523,1.9
2014-07-01,2.29,2.35,1.97,N/A,N/A,N/A,N/A,1.9742378703305974,0.8482577997326324,0.4627766599597516,0.09311662639752694,-0.3408892980666378,-0.16090088683271553,1.6
2014-08-01,2.12,2.3,1.76,N/A,N/A,N/A,N/A,1.7150983482969062,0.8482577997326324,0.4406168636090557,-0.09284088110084188,-0.49283078550301784,-0.24213051052651702,1.5
2014-09-01,1.97,2.21,1.56,N/A,N/A,N/A,N/A,1.6840509711232077,0.8482577997326324,0.29107698484391875,-0.18604000000000953,-0.15427941473228346,-0.3225803255723081,1.2
2014-10-01,1.92,2.08,1.53,N/A,N/A,N/A,N/A,1.6095417021513292,0.7554230269757101,0.45226130653266416,0.09318335831982605,-0.09544015832769759,-0.4830913095988154,1.3
2014-11-01,1.79,2.05,1.39,N/A,N/A,N/A,N/A,1.231524989320798,0.5655018322360483,0.3217373818620528,0.18691939951100967,-0.3722749974065298,-0.48387048835847324,1.0
2014-12-01,1.68,1.94,1.27,N/A,N/A,N/A,N/A,0.6531213919623191,0.18778926899771786,0.060120240480965315,0.0,-1.0418877367197488,-0.8863810725864285,0.5
2015-01-01,1.65,1.8,1.29,N/A,N/A,N/A,N/A,-0.22993097820542818,-0.28328996126373296,-0.3829101168883464,-0.5586497118269196,-1.319435058622731,-1.1272130557305804,0.3
2015-02-01,1.83,1.84,1.49,N/A,N/A,N/A,N/A,-0.08703146293520536,-0.04656328314869285,-0.27056819320574466,-0.0932033955971634,-1.0735731971307505,-1.2872070946617131,0.0
2015-03-01,1.76,1.9,1.51,N/A,N/A,N/A,N/A,-0.022031284423873476,0.17478943443629547,-0.06983240223462639,-0.09309660777422346,-0.6638305946264356,-1.2057865905865772,0.0
2015-04-01,1.94,1.94,1.72,N/A,N/A,N/A,N/A,-0.10403098939391064,0.8662280756934315,0.07984031936127955,-0.09291359036096569,-0.6346679969751245,-0.8038577270577218,-0.1
2015-05-01,1.8,2.0,1.57,N/A,N/A,N/A,N/A,0.03503321824429584,1.1625104923538299,0.2993414488126067,0.09300000000000974,-0.183270527882462,-0.7240539907472199,0.1
2015-06-01,1.87,1.98,1.61,N/A,N/A,N/A,N/A,0.1795718097550525,0.8780861024065834,0.2595328408864006,0.18592708780833522,0.056192780810548904,-0.7240539907472199,0.0
2015-07-01,1.74,1.96,1.36,N/A,N/A,N/A,N/A,0.22568611104094582,0.7957022919980794,0.1702383336671387,0.18599999999999728,0.06841106561470411,-0.6446407800628662,0.1
2015-08-01,1.63,1.78,1.26,N/A,N/A,N/A,N/A,0.2413037985344868,0.7957022919980794,0.04985044865404298,0.18575449663624788,-0.4216240362793666,-0.6472485476168077,0.0
2015-09-01,1.41,1.71,1.07,N/A,N/A,N/A,N/A,0.008842961634170088,0.5952465030182097,0.030024019215368902,0.18638675391700055,-0.8792978997725132,-0.9708728214251949,-0.1
2015-10-01,1.53,1.67,1.2,N/A,N/A,N/A,N/A,0.12761656067050708,0.8780861024065834,0.06003001500749505,0.2792898233226371,-0.7064760136082593,-0.8899667529730926,-0.1
2015-11-01,1.59,1.78,1.3,N/A,N/A,N/A,N/A,0.4363182169185187,0.17478943443629547,0.04008819402685493,0.09329034536680325,-0.27390277740589886,-0.810371964713974,0.1
2015-12-01,1.54,1.71,1.31,N/A,N/A,N/A,N/A,0.6387247515364791,0.17478943443629547,0.18025235329461875,0.09329034536680325,0.018054682746293516,-0.6504058544517188,0.2
2016-01-01,1.41,1.6,1.19,N/A,N/A,N/A,N/A,1.2375025026943876,0.5076108124919543,0.22253692089824195,0.25280617267398053,-0.2876019618855641,-0.9771977194718229,0.3
2016-02-01,1.42,1.53,1.23,N/A,N/A,N/A,N/A,0.8472775790126619,0.10079972552965444,-0.19091639871382515,-0.3218281257505229,-0.8436999206824503,-0.9779941308337481,0.3
2016-03-01,1.62,1.69,1.49,N/A,N/A,N/A,N/A,0.8916160965521946,0.30093278332137263,-0.1497454327643033,-0.214358793098679,-0.8405132007187843,-1.0577694878184607,0.5
2016-04-01,1.71,1.76,1.6,N/A,N/A,N/A,N/A,1.1726257503534843,-0.09978376857351368,-0.18946948544076303,-0.5000000000000004,-1.0546878112921876,-1.1345207505995658,0.3
2016-05-01,1.54,1.77,1.47,N/A,N/A,N/A,N/A,1.0784764621246223,0.19926964339596065,-0.019896538002384112,-0.29272776318024496,-0.9870562995451526,-1.053483554128165,0.3
2016-06-01,1.4,1.63,1.38,N/A,N/A,N/A,N/A,1.0792865347959424,0.2988546725793517,0.1891676622859384,-0.3780448767489841,-0.7949581460468647,-0.8914091611853636,0.5
2016-07-01,1.49,1.62,1.31,N/A,N/A,N/A,N/A,0.8683633430518256,0.4970342924839555,0.2199340197940547,-0.08584033697324189,-0.5940408289545229,-1.1354408800563598,0.6
2016-08-01,1.47,1.64,1.27,N/A,N/A,N/A,N/A,1.0553158595656864,0.39754792440229725,0.22919780767314268,-0.07183271048429862,-0.1340001498013943,-0.8957645761825006,0.6
2016-09-01,1.6,1.71,1.45,N/A,N/A,N/A,N/A,1.5486446201652182,0.5976097601295471,0.39019509754878445,0.09999999999998899,0.17848834733249497,-0.5718948508386279,1.0
2016-10-01,1.73,1.81,1.59,N/A,N/A,N/A,N/A,1.685924966243646,0.7968794035255078,0.3599640035996332,-0.18565468229094773,0.6783676858649557,-0.16326514239067835,0.9
2016-11-01,1.94,2.0,1.77,N/A,N/A,N/A,N/A,1.6843334719788938,0.8024539941285491,0.5309557202965332,0.08620036716309176,0.6759975139838392,0.0,1.2
2016-12-01,1.95,2.07,1.84,N/A,N/A,N/A,N/A,2.0507989115119862,1.5045435755844716,0.6097560975609762,0.4869459141787491,1.5684792224125,0.9001627611693319,1.6
2017-01-01,2.05,2.1,1.94,N/A,N/A,N/A,N/A,2.5103933482571117,1.6161952805845425,1.3423496164715276,1.0040160642570184,2.9746906419946706,1.8092086985073141,1.8
2017-02-01,2.02,2.1,1.89,N/A,N/A,N/A,N/A,2.8103616813294208,1.9134273190117845,1.2080942313500431,1.609657947686105,2.9677195807824797,2.22221997530867,2.3
2017-03-01,1.97,2.09,1.77,N/A,N/A,N/A,N/A,2.44119623655914,1.3999662056436657,1.1497700459908167,1.4056224899598346,2.290038105121317,2.0559189755764873,2.3
2017-04-01,1.92,2.03,1.81,N/A,N/A,N/A,N/A,2.176223471915395,1.6983180628206807,1.1689479468478314,1.9095477386934734,2.5532063978756625,2.0491782644114664,2.7
2017-05-01,1.81,1.97,1.72,N/A,N/A,N/A,N/A,1.8563431667619756,1.1928425471690485,0.805970149253743,1.4028056112224574,1.9347969270259835,1.965599987926292,2.9
2017-06-01,1.73,1.87,1.63,N/A,N/A,N/A,N/A,1.640565809959127,1.390234796975287,0.6856802146477214,1.2012012012011963,1.509766438693405,1.6353213336105732,2.6
2017-07-01,1.82,1.87,1.67,N/A,N/A,N/A,N/A,1.7251073506566073,1.3847339069927855,0.7182044887780625,1.0989010989011172,1.548764257562607,1.8047561795363487,2.6
2017-08-01,1.76,1.87,1.58,N/A,N/A,N/A,N/A,1.92812155729698,1.5841919363907664,0.9047524358719361,1.1964107676969205,1.6198052896700732,1.8898912721990513,2.9
2017-09-01,1.84,1.91,1.68,N/A,N/A,N/A,N/A,2.1805652303711787,1.6831853711461786,0.9866454056208784,1.0989010989011172,1.7925118728419287,2.3007372009379745,3.0
2017-10-01,1.88,1.94,1.79,N/A,N/A,N/A,N/A,2.020757753132485,1.2845680909018276,1.056092457905744,1.0000000000000009,1.57063962623456,2.289449867054816,3.0
2017-11-01,1.86,1.93,1.73,N/A,N/A,N/A,N/A,2.172493864295566,1.5919726851630678,1.17588440458396,0.9009009009008917,1.665311831121974,2.6960757253820633,3.1
2017-12-01,1.96,1.97,1.86,N/A,N/A,N/A,N/A,2.129930719552253,1.3833658213203481,1.1922503725782407,0.8973080757726848,1.1121170285678383,2.1897788401086915,3.0
2018-01-01,2.11,2.08,1.98,N/A,N/A,N/A,N/A,2.151318868063945,1.3916165093702082,1.3345284334229657,0.8946322067594492,0.5749299726802048,2.100159466842899,3.0
2018-02-01,2.12,2.14,2.04,N/A,N/A,N/A,N/A,2.263468931091861,1.086972630064742,1.183726250870376,0.4950495049504955,1.073545921982122,1.529789147062921,2.7
2018-03-01,2.05,2.1,1.92,N/A,N/A,N/A,N/A,2.3309497646499366,1.4793392422761897,1.561727784916478,0.7920792079207928,1.2138181205492815,1.5310218526492836,2.5
2018-04-01,2.17,2.14,2.1,N/A,N/A,N/A,N/A,2.4709963021052994,1.27699696514334,1.6393442622950838,0.4930966469427922,1.0792684064151237,1.6867453235592578,2.4
2018-05-01,2.07,2.15,2.03,N/A,N/A,N/A,N/A,2.781921607842497,2.062818586287163,2.0234922515052878,0.9881422924901129,2.051583282827929,1.927708941210593,2.4
2018-06-01,2.11,2.12,2.06,N/A,N/A,N/A,N/A,2.8075506935940187,1.8609046485893677,2.0232925384919165,1.2858555885262302,2.274561553370602,2.1721619722416374,2.4
2018-07-01,2.12,2.13,2.0,N/A,N/A,N/A,N/A,2.854124785561929,1.853641977777376,2.287808259879176,1.4822134387351804,2.245963504205317,2.0950825352042957,2.5
2018-08-01,2.08,2.12,1.98,N/A,N/A,N/A,N/A,2.6429238568742575,1.85183561024429,2.2563799389102357,1.5763546798029493,2.1886149790028675,2.177417197613152,2.7
2018-09-01,2.14,2.15,2.03,N/A,N/A,N/A,N/A,2.332055105808828,1.9474848881052997,2.200730287180508,1.383399209486158,2.259765690409532,2.008030147094364,2.4
2018-10-01,2.05,2.13,1.9,N/A,N/A,N/A,N/A,2.492032470218053,2.341463033971891,2.208419599723932,1.5841584158415856,2.2620424456253785,1.9184633438572574,2.4
2018-11-01,1.97,2.06,1.77,N/A,N/A,N/A,N/A,2.147328577667773,2.0568563510483084,1.8910666797990805,1.5873015873016039,1.6860280408789619,1.4319795074076547,2.3
2018-12-01,1.71,1.91,1.51,N/A,N/A,N/A,N/A,2.0023809043401064,1.559486674248256,1.590574374079523,1.0869565217391353,1.184080703553514,1.1904750297618838,2.1
2019-01-01,1.85,1.85,1.7,N/A,N/A,N/A,N/A,1.4875893578291333,1.3725163453149891,1.23832923832925,0.886699507389177,0.9795394260201373,0.6329107772692355,1.8
2019-02-01,1.95,1.92,1.84,N/A,N/A,N/A,N/A,1.5188615351321877,1.4662260756022283,1.3173417223751427,0.9852216748768461,1.0903782598849165,1.2688330223926014,1.9
2019-03-01,1.88,1.96,1.78,N/A,N/A,N/A,N/A,1.8831863513063984,1.2633456798280651,1.1094890510948918,0.982318271119853,1.337626271528336,1.6666650416666373,1.9
2019-04-01,1.95,1.97,1.85,N/A,N/A,N/A,N/A,2.000583470209061,2.0368086022506393,1.2631169840652934,1.079489695780178,1.5211038346151673,2.2906770820698252,2.1
2019-05-01,1.74,1.9,1.58,N/A,N/A,N/A,N/A,1.7959105553606136,1.443744208134734,0.9384674922600533,0.7827788649706457,0.8098724744424413,2.2852617750615423,2.0
2019-06-01,1.69,1.78,1.53,N/A,N/A,N/A,N/A,1.671194894390049,1.634631931419106,1.170552384637702,0.6835937499999778,0.4285516796461053,2.5196826020211116,2.0
2019-07-01,1.76,1.8,1.56,N/A,N/A,N/A,N/A,1.826331335037068,1.724137931034475,1.0650658404337765,0.3894839337877265,0.5268929079769835,2.7624282607367823,2.1
2019-08-01,1.55,1.63,1.35,N/A,N/A,N/A,N/A,1.7376412106666406,1.4354547663834039,1.0406629408363788,0.38797284190106307,0.32771594346756583,2.7624282607367823,1.7
2019-09-01,1.53,1.65,1.35,N/A,N/A,N/A,N/A,1.6844977040391562,1.2416262802301459,0.9076863653920464,0.29239766081872176,0.08351152979253484,2.5196826020211116,1.7
2019-10-01,1.54,1.64,1.44,N/A,N/A,N/A,N/A,1.7339736996186295,1.1439464341029826,0.7620333751326314,0.19493177387914784,0.1287481556278003,2.3529389093424724,1.5
2019-11-01,1.61,1.74,1.5,N/A,N/A,N/A,N/A,2.092290394862917,1.055677842663516,1.0343160947317465,0.1953124999999778,0.4080688911246133,2.43137020632056,1.5
2019-12-01,1.77,1.78,1.68,N/A,N/A,N/A,N/A,2.3195274699624457,1.5354441772678973,1.4593602010244622,0.4887585532746819,0.788051484878638,3.2156831761013915,1.3
2020-01-01,1.65,1.79,1.6,N/A,N/A,N/A,N/A,2.599767976845202,1.740812940207248,1.4852926900301044,0.48828125,1.0969065349691887,4.402511471312298,1.8
2020-02-01,1.41,1.68,1.33,N/A,N/A,N/A,N/A,2.3413166797595197,1.6533853220994876,1.4263535804385885,0.29268292682926855,0.7309421171815433,4.698507617758518,1.7
2020-03-01,0.87,1.29,0.49,N/A,N/A,N/A,N/A,1.4940399642909163,1.465494245682586,0.6737895851381293,0.09727626459143934,-0.017586716038320294,4.6057723199087075,1.5
2020-04-01,1.07,1.39,0.72,N/A,N/A,N/A,N/A,0.3130472940411133,0.6012307838525022,0.3262329687200083,0.0,-0.7168215331543215,3.3976801744754592,0.8
2020-05-01,1.15,1.46,0.83,N/A,N/A,N/A,N/A,0.1982013035848551,0.41027304738487924,0.3642288891018808,-0.1941747572815511,-0.9158413241889374,2.9275781228556896,0.5
2020-06-01,1.34,1.55,1.16,N/A,N/A,N/A,N/A,0.7166562831830481,0.22503348543667645,0.20080321285140812,-0.19398642095052043,-0.3417416108409066,3.2258034079082565,0.6
2020-07-01,1.55,1.6,1.4,N/A,N/A,N/A,N/A,0.9968647625897997,-1.040881133747007,0.7760107300249119,-0.38797284190106307,-0.6199350727425834,2.995388878771954,1.0
2020-08-01,1.8,1.71,1.69,N/A,N/A,N/A,N/A,1.2810698495523853,-0.8541969878614664,0.2193400724775918,-0.48309178743961567,-0.519322032593339,2.9185840357265125,0.2
2020-09-01,1.63,1.76,1.5,N/A,N/A,N/A,N/A,1.3910228912373812,-0.8541969878614664,0.04784688995214115,-0.5830903790087549,-0.3698581488614239,3.148998564862815,0.5
2020-10-01,1.7,1.86,1.59,N/A,N/A,N/A,N/A,1.2303863428671624,-0.7488854357001751,0.04786521156423529,-0.29182879377431803,-0.8091458549980945,2.988502933808812,0.7
2020-11-01,1.77,1.88,1.68,N/A,N/A,N/A,N/A,1.1757452138405844,-0.19512408182488228,0.20091848450058958,-0.19493177387913674,-0.8149143407415349,2.9862146488756736,0.3
2020-12-01,1.99,2.0,1.95,N/A,N/A,N/A,N/A,1.3204191315779434,-0.5671079291157621,-0.019051247856749498,-0.1945525291828787,-0.5321154732475741,2.279633130294756,0.6
2021-01-01,2.13,2.1,2.21,N/A,N/A,N/A,N/A,1.3553199782346148,1.2024615677049821,0.5548115553855038,0.38872691933915515,0.457061860577368,2.6355397305995565,0.7
2021-02-01,2.15,2.14,2.39,N/A,N/A,N/A,N/A,1.667502410800381,1.4984772651037037,0.5644312637520299,0.5836575875486361,-0.016463330098437368,2.4682101479437613,0.4
2021-03-01,2.37,2.23,2.54,N/A,N/A,N/A,N/A,2.623645747764214,1.7946053088239822,1.109092647480625,0.7774538386783325,1.3418511824797807,3.283579079193344,0.7
2021-04-01,2.41,2.25,2.57,N/A,N/A,N/A,N/A,4.137373453318349,1.9920623598844056,1.243305279265483,1.0679611650485477,2.2291041957341218,4.182221704358113,1.5
2021-05-01,2.42,2.33,2.57,N/A,N/A,N/A,N/A,4.9264665639830785,2.191211911939628,1.422977748066101,1.2645914396887115,2.717222146738485,4.715564526140104,2.1
2021-06-01,2.32,2.29,2.47,N/A,N/A,N/A,N/A,5.317418943207719,2.388078013883188,1.4791487737379594,1.263362487852282,2.7323730476712216,4.1666628580725895,2.5
2021-07-01,2.4,2.23,2.56,N/A,N/A,N/A,N/A,5.269167647240969,3.7111807299064603,1.1502994581233938,1.9474196689386547,2.8815888809307078,4.847124567711791,2.0
2021-08-01,2.33,2.23,2.48,N/A,N/A,N/A,N/A,5.181323173271246,3.8114546279638617,1.865068036920725,2.038834951456314,3.301791417025668,5.2238758078075875,3.2
2021-09-01,2.37,2.24,2.51,N/A,N/A,N/A,N/A,5.363523425270289,4.112371458661768,2.1616451458632335,2.5415444770283457,4.007229492930864,5.733427368933297,3.1
2021-10-01,2.51,2.35,2.89,N/A,N/A,N/A,N/A,6.226591220771449,4.404356123543773,2.6217586833795714,3.0243902439024417,5.3667831972955105,6.845231838262111,4.2
2021-11-01,2.5,2.38,2.8,N/A,N/A,N/A,N/A,6.865559520296194,4.814479018114959,2.778573474649093,3.7109375,5.516221132370891,7.806684319315038,5.1
2021-12-01,2.56,2.27,2.87,N/A,N/A,N/A,N/A,7.159457345112474,4.909829638605734,2.7534298780487854,3.898635477582846,6.549934900819476,8.692414057473009,5.4
2022-01-01,2.44,2.24,2.82,N/A,N/A,N/A,N/A,7.578082463000535,4.158421978405902,2.8538812785388057,4.8402710551790795,6.13225789159304,9.39104069192589,5.5
2022-02-01,2.62,2.18,3.11,N/A,N/A,N/A,N/A,7.949220898953979,4.330757912975924,3.6339421613394096,5.705996131528046,7.623102914681845,8.540138327320857,6.2
2022-03-01,2.84,2.49,3.34,N/A,N/A,N/A,N/A,8.540780148538584,5.876587664340449,4.482269503546088,6.460945033751209,9.818381916774598,10.982649210839558,7.0
2022-04-01,2.88,2.55,3.3,N/A,N/A,N/A,N/A,8.235161744022502,6.249982632247342,4.827130171925176,5.955811719500481,8.344691078750177,12.329738245807476,9.0
2022-05-01,2.64,2.47,2.96,N/A,N/A,N/A,N/A,8.530051713089225,7.017597381886764,5.197740112994342,6.820365033621534,8.72734061385676,13.93851527985479,9.1
2022-06-01,2.33,2.47,2.58,N/A,N/A,N/A,N/A,8.999298141923106,6.705578057220407,5.839759262742139,7.965451055662176,10.216400581500128,15.571414907498315,9.4
2022-07-01,2.53,2.22,2.73,N/A,N/A,N/A,N/A,8.447778206754553,6.673057341784916,6.08082706766917,7.927411652340011,10.770194703053381,15.64721250169292,10.1
2022-08-01,2.48,2.29,2.58,N/A,N/A,N/A,N/A,8.216255059541266,6.956480300297652,5.913124708080342,8.372978116079931,10.549083144467964,16.241120601250625,9.9
2022-09-01,2.15,2.27,2.14,N/A,N/A,N/A,N/A,8.205751582451759,8.57415426733934,5.551914614736431,8.865586272640602,8.87193771263144,17.25350620003272,10.1
2022-10-01,2.52,2.33,2.67,N/A,N/A,N/A,N/A,7.757261470809462,8.820699552026245,6.200466200466215,11.837121212121215,7.264902311099664,18.036196269157866,11.1
2022-11-01,2.34,2.4,2.41,N/A,N/A,N/A,N/A,7.131380368978291,8.803814375067498,6.150130063173553,11.77024482109228,6.809614471896874,17.724122914409122,10.7
2022-12-01,2.3,2.26,2.33,N/A,N/A,N/A,N/A,6.410831677385809,8.118423496265281,5.850718590635151,11.63227016885553,5.707659989685343,16.81475006360824,10.5
2023-01-01,2.24,2.24,2.27,N/A,N/A,N/A,N/A,6.340296309929161,8.650202370014792,5.993340732519403,9.972299168975063,5.890863042597894,17.505015757925293,10.1
2023-02-01,2.43,2.29,2.58,N/A,N/A,N/A,N/A,5.957648712766894,8.679234139955504,6.278685514962379,9.149130832570895,6.034266020201007,19.23333985999891,10.4
2023-03-01,2.32,2.26,2.4,N/A,N/A,N/A,N/A,4.931348641757127,7.400579635880566,5.701873472712471,7.608695652173902,3.2957108257122947,16.731757451181917,10.1
2023-04-01,2.18,2.23,2.2,N/A,N/A,N/A,N/A,4.946947488062325,7.169104345802002,5.88447328106696,8.15956482320943,4.09592834343786,15.252062069446715,8.7
2023-05-01,2.18,2.26,2.07,N/A,N/A,N/A,N/A,4.125314539356473,6.102000338630487,5.119942713927683,7.643884892086339,3.1932443929047816,13.299864279234885,8.7
2023-06-01,2.22,2.23,2.18,N/A,N/A,N/A,N/A,3.0592533347792994,6.375237127722433,4.5313194135939705,6.400000000000006,1.892594559838967,11.619274243329624,7.9
2023-07-01,2.37,2.27,2.27,N/A,N/A,N/A,N/A,3.28032820234625,6.164979039019669,4.288119075042074,5.9292035398230025,2.3257354552357112,10.824175616611175,6.8
2023-08-01,2.24,2.31,2.15,N/A,N/A,N/A,N/A,3.7186358677607556,6.142789086036071,4.859763626741942,5.443371378402095,2.6155075180803955,9.945155968570173,6.7
2023-09-01,2.35,2.34,2.22,N/A,N/A,N/A,N/A,3.6950823322234427,4.525247900567075,4.896221394358702,5.341506129597184,3.51609353272877,7.8078020469102505,6.7
2023-10-01,2.42,2.47,2.4,N/A,N/A,N/A,N/A,3.2465375076767167,3.788529615280467,3.977172958735742,1.693480101608813,3.467839986396304,6.194685775705566,4.6
2023-11-01,2.23,2.4,2.15,N/A,N/A,N/A,N/A,3.139855644977696,3.1662079833422396,3.4745317696481592,0.6739679865206405,3.2314466982822587,6.2097921624988395,3.9
2023-12-01,2.16,2.19,2.12,N/A,N/A,N/A,N/A,3.322200208829762,3.7102548998742435,3.705325858444297,0.588235294117645,3.101904542529854,6.202453118946005,4.0
2024-01-01,2.26,2.24,2.24,N/A,N/A,N/A,N/A,3.1079425939238847,2.887107307847736,3.1326352530540946,0.8396305625524736,3.406642078992861,3.9954309883608152,4.0
2024-02-01,2.33,2.26,2.4,N/A,N/A,N/A,N/A,3.16642120765831,2.517342028018965,2.962515114873021,0.7544006705783701,2.8038747458041913,3.0456831688519204,3.4
2024-03-01,2.32,2.27,2.38,N/A,N/A,N/A,N/A,3.4690014354717524,2.1533074514878736,2.2947170134429262,1.1784511784511897,3.2067007544485993,2.1193515874924573,3.2
2024-04-01,2.41,2.35,2.43,N/A,N/A,N/A,N/A,3.3540471111874304,2.2298146498602733,2.1872340425531878,0.83822296730931,3.30938979495472,2.491760680504873,2.3
2024-05-01,2.35,2.34,2.34,N/A,N/A,N/A,N/A,3.238866396761142,2.403437110469353,2.2735013623978118,0.7518796992481036,3.631393986723941,2.602502576381638,2.0
2024-06-01,2.28,2.27,2.24,N/A,N/A,N/A,N/A,2.9700853998204435,2.225995692721483,2.1674458138546404,0.8354218880534781,3.4338667624444597,2.7131764489808363,2.0
2024-07-01,2.24,2.28,2.13,N/A,N/A,N/A,N/A,2.9384633061405374,2.305749550854319,2.3022682864667576,1.2531328320801949,2.7687169348399543,4.3840117805062695,2.2
2024-08-01,2.15,2.12,2.01,N/A,N/A,N/A,N/A,2.6109140322338353,1.8723199524695255,1.8252165867608694,1.0824313072439695,2.260720963927043,4.494999420519075,2.2
2024-09-01,2.18,2.11,2.07,N/A,N/A,N/A,N/A,2.432541464144644,1.6129525760379293,1.0992727887705112,0.7481296758104827,1.465355118482714,5.013924145062965,1.7
2024-10-01,2.33,2.28,2.38,N/A,N/A,N/A,N/A,2.5714034967967203,2.037367164111825,1.2327957443215354,0.915903413821817,1.8033801256761794,5.055620355159451,2.3
2024-11-01,2.26,2.29,2.33,N/A,N/A,N/A,N/A,2.7141684004842848,2.2165079750136485,1.2602554343229322,1.3389121338912124,2.4099157415943706,4.798669724024673,2.6
2024-12-01,2.34,2.27,2.38,N/A,N/A,N/A,N/A,2.872366268806581,2.640561867743263,1.3176788580116616,1.2531328320801949,2.8471628536591576,4.683260108392329,2.5
2025-01-01,2.42,2.35,2.54,N/A,N/A,N/A,N/A,2.999412512831112,2.295945115410225,1.6498857771385156,1.498751040799351,2.9355243920018204,5.323883814338659,3.0
2025-02-01,2.38,2.33,2.58,N/A,N/A,N/A,N/A,2.8142703731568686,2.286225543305842,0.7969130106534772,1.580698835274541,2.973474541978871,5.364048308912395,2.8
2025-03-01,2.38,2.25,2.61,N/A,N/A,N/A,N/A,2.4055852640280317,2.192211813839151,0.7616974972796564,1.9134775374376023,2.25509338794303,5.352330024455965,2.6
2025-04-01,2.23,2.2,2.29,N/A,N/A,N/A,N/A,2.3337465177498906,N/A,N/A,N/A,N/A,N/A,3.5
2025-05-01,2.34,2.28,2.39,N/A,N/A,N/A,N/A,2.3759340869898393,N/A,N/A,N/A,N/A,N/A,3.4
2025-06-01,2.29,2.28,2.31,N/A,N/A,N/A,N/A,2.6726833178446263,N/A,N/A,N/A,N/A,N/A,3.6
2025-07-01,2.39,2.31,2.46,N/A,N/A,N/A,N/A,2.7318012794754543,N/A,N/A,N/A,N/A,N/A,3.8
2025-08-01,2.41,2.27,2.47,N/A,N/A,N/A,N/A,2.9392196249335534,N/A,N/A,N/A,N/A,N/A,3.8
2025-09-01,2.36,2.25,2.42,N/A,N/A,N/A,N/A,3.022699626172387,N/A,N/A,N/A,N/A,N/A,3.8
2025-10-01,2.3,2.23,2.4,N/A,N/A,N/A,N/A,N/A,N/A,N/A,N/A,N/A,N/A,3.6
2025-11-01,2.23,N/A,2.29,1.684126,1.924184,2.9576988589664674,2.9795682347682284,N/A,N/A,N/A,N/A,N/A,N/A,N/A
