date,index_100_eur,index_100_usd,index_100_gbp
1971-01-31,100.0,100.0,100.0
1971-02-28,100.70605821911151,100.84329999999999,100.90173568708607
1971-03-31,104.8760768889237,105.07004607619996,105.09613099329931
1971-04-30,108.13264055429251,108.30105506308921,108.21600070661421
1971-05-31,104.71181524509569,105.52724844081338,105.50979004914474
1971-06-30,105.43638294426107,106.39088344205298,106.2941484678537
1971-07-31,103.25456793279493,104.49084865466138,104.44764205167809
1971-08-31,104.23997411658175,106.5636336194239,104.99569101756481
1971-09-30,101.85433675429967,105.34433252355045,102.49100070126404
1971-10-31,97.06548083468698,101.13782798155255,98.13381446680783
1971-11-30,97.52561140883826,101.78814421547393,98.67372170930207
1971-12-31,104.15930067521448,110.73959719407114,104.89886452074741
1972-01-31,105.53013198649263,114.58026790395594,106.79197271504913
1972-02-29,108.00104655661131,118.76645799182697,110.17538491478656
1972-03-31,108.72640154603191,120.19913777458238,111.06119162797663
1972-04-30,110.23897479831204,121.57085033486588,112.55663485235723
1972-05-31,112.1055951899296,123.8366878434071,114.56670845489944
1972-06-30,109.45402371787772,120.74782933852899,119.5804189442687
1972-07-31,112.03281891035357,122.40400656573627,120.78514387787197
1972-08-31,115.27480503649505,125.66558372468688,124.0795580999297
1972-09-30,113.53979751079697,123.54208669090711,123.43485859334523
1972-10-31,115.05976492522613,124.34473962813794,128.43023865715043
1972-11-30,121.43432248995225,130.65448909582818,134.2760657853307
1972-12-31,123.61008852472932,132.83903215351043,136.76536470523678
1973-01-31,123.64094045671202,132.92032964118837,134.91271145593848
1973-02-28,118.5092069019824,133.621351459716,129.72540362197483
1973-03-31,113.85259413779107,133.5908857915832,130.4555068925765
1973-04-30,108.85110763725285,126.63093423272751,122.98819622908614
1973-05-31,106.83377011329833,126.04159386480838,118.73775340352583
1973-06-30,102.74667312973122,126.61054561951414,118.585173568622
1973-07-31,100.05800306744939,129.39458490714162,125.16945560405124
1973-08-31,98.63080402472625,123.77575445213391,121.73128918331506
1973-09-30,101.36529000335264,127.1185662526227,127.32397847900974
1973-10-31,101.35019748336131,128.16513340858052,127.05613840553723
1973-11-30,92.35720470224832,111.3087268975506,114.8432421690733
1973-12-31,94.58170806055463,110.15044828545469,114.6513212853641
1974-01-31,101.06038066744023,110.76013101671471,117.12665823263606
1974-02-28,100.22377938084952,112.23346227949904,117.88536681054136
1974-03-31,94.67561856715778,109.14468516410494,110.25756870693992
1974-04-30,91.10069721864167,107.07191844815343,106.78038599693318
1974-05-31,85.87483946532267,102.5097981469145,103.42536979981263
1974-06-30,84.48106930931007,99.04506947934695,100.15961136137763
1974-07-31,78.90353635819702,92.92844216858039,94.1119464173968
1974-08-31,72.23096045167475,83.71282148716442,87.37042339308837
1974-09-30,66.13092567704963,75.64533316762491,78.39872600189345
1974-10-31,71.19999264326928,82.63579405097829,85.53361958417253
1974-11-30,68.76203820871584,81.09141369595957,84.29601525203726
1974-12-31,66.16416528616149,79.49618340573265,81.88073019387221
1975-01-31,73.33215351100318,90.83536001435955,92.16595983156883
1975-02-28,78.37535322331202,98.60814177078828,98.09684029493972
1975-03-31,77.78395622765436,99.07554436278183,99.54497961038601
1975-04-30,82.08065803883692,102.9264126210744,105.83339424508094
1975-05-31,82.9024575777762,105.11092280254408,109.7129295262824
1975-06-30,83.75034749128787,106.17779866898991,117.01582425457771
1975-07-31,81.34270498761406,100.06110804326673,112.29699284298655
1975-08-31,80.23816864961223,98.27281592031748,112.5899076804623
1975-09-30,78.80239755559703,93.91392517017178,111.12458282250284
1975-10-31,81.4069023324547,100.13215398353921,116.48675122223663
1975-11-30,85.39891214403377,102.63165281127631,122.82265223068288
1975-12-31,85.20308205736367,102.47924480685155,122.42813263952708
1976-01-31,93.58962223254261,111.40016554653278,132.6921705800386
1976-02-29,93.45672524680091,110.3231487460289,131.6883170939415
1976-03-31,96.10321943240817,111.3798238647184,140.5342586829011
1976-04-30,96.06288001237562,110.3231634757138,144.943051840321
1976-05-31,94.8845646437136,108.24026214929235,148.71270799641906
1976-06-30,97.27623935486017,111.31893992560467,150.75765007067602
1976-07-31,96.21408721834936,110.02853077398707,149.01006739105677
1976-08-31,95.37207721488312,109.52052904740354,148.94791950446887
1976-09-30,94.45787986357733,110.18093783755938,160.4526500774193
1976-10-31,90.49958409125912,106.06590017120222,155.56589435375818
1976-11-30,89.941168350682,105.38516922390342,154.30533499810068
1976-12-31,95.41731336518502,113.04624948580432,160.65726249675686
1977-01-31,93.41445107806736,108.9820107242907,153.61697534979612
1977-02-28,92.40760202703261,108.23014383230382,152.73528879171695
1977-03-31,91.7216984292785,107.27501281298373,150.7712883570389
1977-04-30,91.70008899240993,108.16915004477994,152.09871063183522
1977-05-31,90.29192418731814,106.41140135655228,149.63581038876706
1977-06-30,93.17031539498731,110.1301605997597,154.81110090937904
1977-07-31,91.75122704156284,108.37237310642695,150.86632579756784
1977-08-31,92.36343534744758,108.48410502309966,150.47594416045513
1977-09-30,93.20135320471275,109.54084869012968,151.5244035382922
1977-10-31,89.94457982016522,107.37665014255877,141.11025499028088
1977-11-30,90.37901231585646,108.42314297484816,144.24992065349372
1977-12-31,87.86253089643728,110.26221632598751,139.04427842798245
1978-01-31,85.22048837644049,106.70603932504179,132.45246699068346
1978-02-28,82.56568431342761,105.56801941564022,131.47868631394576
1978-03-31,84.83212914232227,110.01834484212596,142.83477272897707
1978-04-30,90.41235731048673,114.64142571073694,152.02094487829703
1978-05-31,91.93605523283466,115.75906496999093,152.6239234570254
1978-06-30,91.48636741073724,116.58211192192758,151.4377202364684
1978-07-31,96.02739256464339,124.64959406692495,156.04760678269517
1978-08-31,96.16570470236859,127.16938561098785,158.21887430571385
1978-09-30,95.16228580600898,128.2972508919717,157.03583509177335
1978-10-31,85.24620880617164,125.44212387062174,149.4548005149537
1978-11-30,90.0551163705244,120.66666765699105,150.05123579938797
1978-12-31,88.29821363001136,124.24322768634428,147.12004830221343
1979-01-31,92.33049304616213,127.0678974677933,154.3897946012483
1979-02-28,89.7267740504504,124.31433612966624,148.52104188981673
1979-03-31,93.68190511594347,129.11013458887652,151.32646756613337
1979-04-30,94.49112598037053,128.55134592637586,150.27080446925578
1979-05-31,93.32709138063163,125.95023799290155,147.0879735864929
1979-06-30,92.87657384935912,129.21171940572776,143.21706120651365
1979-07-31,92.8066695668979,129.80105405793725,139.61337845590992
1979-08-31,95.87648483038075,134.61719236770298,144.45936024756304
1979-09-30,94.29890098496028,137.24882386129923,150.60613109500898
1979-10-31,89.85940032900191,126.64113676270709,147.57401012782273
1979-11-30,89.30462701153496,130.13630549622107,143.06116639680073
1979-12-31,90.7375374281045,133.20478944351643,145.1472878074179
1980-01-31,96.79444377078869,140.81504547400343,150.17703751217888
1980-02-29,98.23980322814839,140.46962616745571,149.3934334787538
1980-03-31,95.12659949687962,124.93410692221359,139.8220879971107
1980-04-30,94.4811202969018,132.67639846229008,142.01103637048487
1980-05-31,97.33083933316597,138.76253021255224,143.19937696299846
1980-06-30,101.03000147225009,144.97062705173164,148.78029880486352
1980-07-31,104.79373976327071,148.98399389103176,153.7476656700876
1980-08-31,107.54680966993976,151.44282572620938,152.79544528820475
1980-09-30,111.42468117812324,155.54768351751827,157.52868459792572
1980-10-31,119.39695853866795,159.62209953957617,158.37080378697777
1980-11-30,126.21547817178083,165.85055386361046,170.06452976029342
1980-12-31,125.2001162938658,161.78638604118268,163.70967334280232
1981-01-31,130.30292310429172,156.63494572324538,160.07157801368555
1981-02-28,132.80641987428658,156.64512699471737,171.81212794783553
1981-03-31,135.81672667906548,161.75583090804705,175.15276400318595
1981-04-30,142.68162713508084,161.39010097436397,182.35308721450204
1981-05-31,147.11040398250566,157.79319979394833,184.2750150637151
1981-06-30,150.52659214935292,157.0616705197036,196.7258457587207
1981-07-31,151.91647835347845,153.94242574318227,202.2502282562872
1981-08-31,148.29785421753542,150.47764356698048,197.16241493702879
1981-09-30,129.9434539116302,138.72187861859726,185.9934938283953
1981-10-31,132.42830549545707,142.5218870395965,185.03351757761556
1981-11-30,139.10742220503087,152.66203425868972,188.7699241007448
1981-12-31,138.5485262118866,148.9737195109998,188.05695537644405
1982-01-31,140.11262119874416,146.33196854291123,188.26125638937373
1982-02-28,136.34806679658968,137.024962679645,182.00227735262277
1982-03-31,135.36576804379553,132.84898991702013,180.31956666221456
1982-04-30,137.2185104601723,138.9148747966313,187.13447664161384
1982-05-31,134.10092289059082,134.96246877891753,182.16542268350352
1982-06-30,135.82304579642607,128.4190834051093,178.876572874394
1982-07-31,134.08937091496173,126.33612587227839,175.72206598598697
1982-08-31,145.73186208146572,135.06405712816473,189.77265428748913
1982-09-30,148.12278801272453,135.2469338615163,192.94537498780116
1982-10-31,160.79187631193759,144.10696049878422,207.73057025030445
1982-11-30,164.69750592767036,151.31072334715796,224.12900895797745
1982-12-31,166.00534653844662,157.65094527685056,235.5410352980582
1983-01-31,174.1637570647177,160.56701481163645,255.331339038054
1983-02-28,176.29532079816187,163.49318808956374,261.4809347586577
1983-03-31,185.59037236527024,168.80720718203887,275.26107429467817
1983-04-30,200.81884825602145,180.41050818211065,280.0516037240313
1983-05-31,203.4453913603367,178.1954279626507,269.1469088140653
1983-06-30,211.44168096365016,183.346879589623,289.1211655055149
1983-07-31,215.48627797029053,179.6383222561637,285.69584225134855
1983-08-31,220.87940496186417,180.15657881587273,291.5063678912252
1983-09-30,220.8879660590449,183.3673293635292,295.96860653227964
1983-10-31,217.8312994699732,180.76626379650756,292.25813677212204
1983-11-30,228.26768599171396,184.98281766582488,305.6578697370913
1983-12-31,233.41305566410765,186.9031242960138,311.27772144208285
1984-01-31,242.73395080299255,188.01071221059198,324.3627574206999
1984-02-29,221.00547837055268,184.45448958912866,299.16154520815775
1984-03-31,230.56092782355452,192.6540450148342,323.9804441174676
1984-04-30,239.3558842151672,191.47538756743344,331.0962817636003
1984-05-31,221.9191920381672,176.64102339103408,308.20065676325186
1984-06-30,227.32066440888818,177.68762145462597,316.4214041284806
1984-07-31,226.9532059448884,170.9715624265055,316.15287616448705
1984-08-31,249.18273142905377,187.64505113746316,346.9316608946103
1984-09-30,262.29903700734553,186.46645257126875,365.2868739430993
1984-10-31,262.41641242247124,187.9803736996949,372.9370171371703
1984-11-30,265.5340032794423,186.80173675659782,377.25523678813624
1984-12-31,274.6817748076818,190.21572529756136,397.0876462299866
1985-01-31,290.60474548639206,200.22392568409262,428.1480034929012
1985-02-28,307.39496711358953,200.1224121537708,448.35581013950394
1985-03-31,294.35893167048687,206.56415247858854,404.00338365836507
1985-04-30,294.2527537696204,205.48712698756515,400.2776638031741
1985-05-31,304.19011870831616,215.53585847151106,405.16048543470447
1985-06-30,305.8122640283927,218.85834372984937,404.0230317926973
1985-07-31,291.0544797631919,222.83106038523363,381.7659853828935
1985-08-31,293.5742604496063,224.1315024536418,389.5150927616339
1985-09-30,282.7922668243168,225.2593321739885,386.61122442129846
1985-10-31,290.1237493468734,236.83225562375938,397.4441476882159
1985-11-30,294.86302281802716,249.51272825436666,405.0853386716623
1985-12-31,300.767718015964,260.6282707853705,436.0157659491719
1986-01-31,298.00537453109644,263.92026647366043,451.84196329562735
1986-02-28,302.69368940265474,287.1067175644375,479.98048343033884
1986-03-31,346.2165781310686,314.5707719532164,516.0796634677328
1986-04-30,333.47211798214954,322.5976743411466,502.80310635221565
1986-05-31,355.4841098019595,321.05339927407556,527.1442555220738
1986-06-30,349.50120105676353,333.3070443641692,525.9376299255493
1986-07-31,337.28632292818764,335.34921662498846,543.5287940122332
1986-08-31,358.1550785511598,364.01218486835944,591.3730213042813
1986-09-30,341.87415641678484,348.8627257585081,582.9007141613326
1986-10-31,341.5299012300814,342.2280544400328,588.6176441147874
1986-11-30,341.07980857430067,356.08692173263637,600.4914716403723
1986-12-31,339.1831551089434,362.55915762204876,591.1976442735508
1987-01-31,362.2567459572131,404.50181377155553,645.8670307868932
1987-02-28,373.3198684317564,417.18213662966616,652.3260653871624
1987-03-31,391.1977776976158,442.33947101484495,665.4084861426784
1987-04-30,411.1295940192707,467.59838182820556,680.7421428675109
1987-05-31,417.89855055156477,467.56798793338675,693.6476551274421
1987-06-30,418.1726201818183,466.6127465340389,699.3983466464432
1987-07-31,432.55390028741533,475.2492818596375,722.1040942598904
1987-08-31,446.6046588826867,502.642175216745,744.1739308972057
1987-09-30,443.1145478401136,493.19300496484544,733.7794006659375
1987-10-31,348.14459789781927,408.7386347946653,573.9673399666699
1987-11-30,321.500485777021,398.0497107561501,527.0844493765969
1987-12-31,321.42581273325425,414.5401141733559,531.3410774139281
1988-01-31,350.4177619586301,424.1988988335952,579.6497756149064
1988-02-29,372.77151294277195,447.993487665868,610.6453098863643
1988-03-31,376.7406224743107,461.0516018443526,590.8010295778087
1988-04-30,385.25846874605725,466.15037150914935,599.8785776343975
1988-05-31,387.02758530736503,456.1598367469652,599.8916273267934
1988-06-30,408.1905720824393,454.9578555771369,643.7314135628732
1988-07-31,425.5137899729535,462.5852240258876,653.9494272281746
1988-08-31,404.458602679931,436.4278799481197,627.0554276294696
1988-09-30,421.5879871950882,454.4187464432211,649.6226361039862
1988-10-31,424.69160152612983,483.3538601229931,660.5198538503796
1988-11-30,427.5629057547847,498.7332132443865,651.9427187027404
1988-12-31,438.2973718838713,502.42284155596843,670.6554263817758
1989-01-31,476.18378795294757,519.7092018425432,717.0919089806857
1989-02-28,461.70737403890996,515.7297884840348,715.1113861886563
1989-03-31,475.48472771539014,511.9572250812742,734.2660313921505
1989-04-30,481.8730565800428,523.8545990349378,749.3290578148262
1989-05-31,494.8911070063995,510.5476445102523,786.1132967127907
1989-06-30,481.187791446471,502.54685237313214,783.7785554366496
1989-07-31,510.08174433805664,558.3441268452685,810.168722830582
1989-08-31,519.7047237482166,544.2911635167001,839.1386853860129
1989-09-30,514.0124685160081,559.7947530183097,835.0804294640291
1989-10-31,488.5015678923036,540.8087541749406,826.9140305771659
1989-11-30,494.07696340509153,561.1209901729973,863.7082977677178
1989-12-31,484.28910407608055,578.5729752093578,867.3750761371155
1990-01-31,457.6004239443173,550.9646299783175,793.7436808757941
1990-02-28,438.5553271231129,526.838439796197,759.2126643000444
1990-03-31,409.90791636504963,493.3020120725304,723.6093956214397
1990-04-30,399.0680530493562,486.0060753139777,715.512232925705
1990-05-31,444.42565922155114,535.7507411466646,771.8258889439479
1990-06-30,432.16409630297045,531.1079252238876,734.0767858411798
1990-07-31,415.5604903250493,535.4189282529298,694.5649139568716
1990-08-31,373.48807017267063,483.9748067885319,617.3935081427941
1990-09-30,331.9007762760148,432.2819416502556,556.2052191533563
1990-10-31,350.2667164428312,471.00013831804404,585.8480753125997
1990-11-30,341.64181856285865,461.9630586641357,574.6074082915768
1990-12-31,347.7156732171546,470.7514438921622,589.6344769248241
1991-01-31,355.6624940997928,487.08416523800065,598.6157910759229
1991-02-28,398.46029864460564,531.7717019777609,671.9837492739347
1991-03-31,432.4948226132501,515.8531160790568,712.1777971499197
1991-04-30,437.34838380516675,519.0452151613541,726.9640226715265
1991-05-31,450.80327605541663,530.361957987517,755.0630136861138
1991-06-30,442.0442949497785,496.95021535821934,740.6457771929453
1991-07-31,445.92227362263344,519.5843098669249,744.5424485312992
1991-08-31,444.9643011090907,517.4285545652871,743.8785535570162
1991-09-30,433.665128081035,529.5332781707874,731.0643898629692
1991-10-31,443.2521564203801,537.65843679104,747.3180227108196
1991-11-30,413.1150043651453,513.4078906580168,702.0262655561329
1991-12-31,414.0691076556981,550.4261397981319,711.284626261828
1992-01-31,428.4501126631034,541.0991688592526,731.7779752729256
1992-02-29,429.10137520803676,531.8133660224589,731.4135694502415
1992-03-31,411.8492159531252,507.0239495920542,705.9147012289518
1992-04-30,417.48490620071266,512.6615488875682,697.4551343805531
1992-05-31,418.79697195777527,531.1501749866495,701.7557156980511
1992-06-30,383.34911223645605,511.04507856305486,648.5041327655255
1992-07-31,372.14228483232284,511.50093077313306,641.505758781307
1992-08-31,363.4815388435728,521.7815879807423,634.3566741021141
1992-09-30,371.26833529664367,516.2267011950993,702.1473175429193
1992-10-31,393.6732957933844,502.5053954773336,779.4395527923667
1992-11-30,414.89253427960773,509.80127131426894,812.3351086118984
1992-12-31,426.51097140943614,513.5319970177468,821.8551801328687
1993-01-31,425.95991971576444,514.3197551011718,836.630493224931
1993-02-28,448.46994971688633,525.346770650541,890.8967263210207
1993-03-31,465.23214549133866,554.4473043171864,884.9923495915242
1993-04-30,474.0654126675573,578.4493281210775,888.4011472680363
1993-05-31,485.92425706494726,590.8854102263525,913.8876459892392
1993-06-30,513.2139146415176,585.9521079363727,949.8931234746402
1993-07-31,544.6990595927934,596.9791406556272,973.448482037713
1993-08-31,552.7112390008691,624.2145230106183,1011.0393218933771
1993-09-30,529.2774293477011,612.6902744867963,990.0517844547979
1993-10-31,559.1722899209858,629.7696285783902,1028.6520946793219
1993-11-30,541.5415287595362,595.9434422881878,969.6013443178499
1993-12-31,572.9606299324766,627.1166478108405,1026.0519691491857
1994-01-31,609.0968400156502,667.6170951597602,1071.0050871585377
1994-02-28,589.0336356175814,656.9218692953008,1069.0292338165304
1994-03-31,548.1316293244424,626.2455887648182,1020.1388721563795
1994-04-30,557.138599736829,642.1221669311838,1022.2365007174446
1994-05-31,556.1993320801367,644.7754157249435,1031.350552486915
1994-06-30,537.6279839079682,640.4644472954066,1002.5634623401617
1994-07-31,547.5949434753292,653.5638666359395,1023.2676756513703
1994-08-31,562.4719932265693,675.7000747988989,1064.8222691126816
1994-09-30,538.6862336853878,658.6622974128445,1009.3503884410815
1994-10-31,537.8755917484499,674.3733691930332,996.7778555103846
1994-11-30,535.7873797289084,643.9045059995227,994.9343258569778
1994-12-31,531.8933670247193,645.02361203095,996.4724435861543
1995-01-31,511.33152339511867,630.789875984263,965.4140210220659
1995-02-28,506.46775550714284,637.3122433019402,972.6867964884818
1995-03-31,503.3824931401777,667.1422801619309,994.6036065762854
1995-04-30,525.0112275698932,691.0032909542024,1035.926422048176
1995-05-31,537.913461160793,700.2876111714631,1067.1848145028619
1995-06-30,529.0927097280792,700.7014811496655,1061.6582642000603
1995-07-31,547.8949147629004,734.1354523227217,1111.2705337789241
1995-08-31,565.9449144097828,717.9947502679543,1120.0829306258054
1995-09-30,567.3936862144795,738.114399159963,1125.8945914495769
1995-10-31,551.4968333291037,725.1649201411004,1109.6427889284032
1995-11-30,580.1949987936132,747.9336483036908,1178.9611381125046
1995-12-31,590.7918412002373,770.162984264925,1201.4661836357925
1996-01-31,624.3187668656124,786.5820889264689,1256.1825604616768
1996-02-29,618.1001724942677,789.5773935211012,1245.9849801539942
1996-03-31,630.5416216757184,802.340122509976,1270.1879581896596
1996-04-30,665.5776861722208,821.784033038883,1318.6728984189776
1996-05-31,663.3030919888721,823.5599083342798,1283.5237717795649
1996-06-30,664.3343848548379,828.332438003077,1289.6315035928592
1996-07-31,622.201823440858,797.0579184738328,1237.831049799973
1996-08-31,631.3483466370919,806.8697014502458,1246.581975002121
1996-09-30,671.5077581750517,836.9498039203108,1292.5589062780004
1996-10-31,668.3293206536778,839.6891406285422,1247.535202848892
1996-11-30,714.1803498509149,884.3656410448243,1270.9503006133718
1996-12-31,703.8657102859281,871.2504985881297,1228.7986903657752
1997-01-31,760.0360492169962,885.2907003728776,1335.5602465560332
1997-02-28,796.313084067351,897.0827725018444,1331.5779775549254
1997-03-31,775.3503006539353,879.5806876103335,1298.5821144675788
1997-04-30,825.1565825272526,907.8891124603842,1351.768379195446
1997-05-31,862.848770651156,962.9671133569061,1420.5630681814719
1997-06-30,924.2605384954061,1012.6109569517947,1469.6720264981154
1997-07-31,1018.092217880855,1058.3283164362542,1559.2411458757879
1997-08-31,928.4247442451741,983.9151358509882,1472.4920754077707
1997-09-30,958.814705124752,1036.5614830249672,1550.9926523053655
1997-10-31,878.9402475343543,974.3377337604613,1408.1210244470215
1997-11-30,913.4091409068152,989.0745919835881,1415.6239897342334
1997-12-31,943.3489583326939,1001.751561029042,1471.9391099146605
1998-01-31,981.6404829444874,1023.2070759631619,1515.6254812704294
1998-02-28,1041.1926123890237,1092.983659301394,1608.1428472277435
1998-03-31,1106.379009498937,1140.4114992294592,1648.3293023840283
1998-04-30,1084.5758521786831,1151.4050660820312,1665.6134323180509
1998-05-31,1057.2778961023068,1130.246846587708,1675.204614924045
1998-06-30,1090.0079242856784,1151.336122498188,1668.7091207669
1998-07-31,1074.939479114758,1151.4293807241102,1704.9279584481542
1998-08-31,922.7944464041186,989.9851643940215,1424.6875439969647
1998-09-30,886.1633704628263,1009.7759578154225,1436.8311262717027
1998-10-31,958.1431382198559,1101.6827361679088,1589.500355960785
1998-11-30,1037.9367125346753,1168.4744554135605,1714.310947694807
1998-12-31,1069.8740689573726,1222.237133581594,1779.9012329639381
1999-01-31,1126.9705289819283,1246.4362065893758,1831.804295585841
1999-02-28,1131.5602071481546,1214.8328165713021,1832.5970987703336
1999-03-31,1212.9559423132182,1270.6932591428836,1906.5130863033764
1999-04-30,1288.3539242474903,1325.601185563707,1990.996151588504
1999-05-31,1262.7623425645113,1280.8316567236639,1932.036969277285
1999-06-30,1335.1546179730105,1345.2920715115956,2061.1668485689715
1999-07-31,1284.3522027562833,1339.236911897722,1996.467261236769
1999-08-31,1300.8961216799044,1337.9994569911287,2016.7601242862854
1999-09-30,1272.842217914652,1323.7658187676568,1942.616093176061
1999-10-31,1353.73226487732,1390.1023714777414,2043.0650977688977
1999-11-30,1458.6831989610612,1433.124649772606,2167.8465229712083
1999-12-31,1584.7292409152712,1552.1800469278155,2318.7739744427704
2000-01-31,1553.1145416661982,1467.5443255089824,2195.0511400107684
2000-02-29,1568.7741521419514,1472.415105125347,2253.9363444338924
2000-03-31,1688.1478545184254,1570.159909463988,2385.585170723546
2000-04-30,1689.8381081610617,1500.0130155086842,2337.479187578601
2000-05-31,1601.6490711716635,1462.4226893400366,2354.6427395834517
2000-06-30,1630.7899905996103,1512.0485408801014,2414.124656709297
2000-07-31,1626.655385342254,1467.2042052546794,2365.019301048644
2000-08-31,1751.0993440221216,1513.3125646090132,2527.659637729439
2000-09-30,1664.228187065579,1430.1378794329726,2343.2393315312847
2000-10-31,1696.0703172451133,1401.5322615685543,2340.308136434215
2000-11-30,1547.066916902609,1314.5475632865637,2229.869678962128
2000-12-31,1455.9095790523882,1336.01281044747,2163.213240439186
2001-01-31,1502.649386835444,1369.980936153097,2261.226215387469
2001-02-28,1395.8492994756746,1254.9463769061938,2098.725265674869
2001-03-31,1371.6335683141426,1170.5549978983827,1998.2343421506541
2001-04-30,1451.0513094313828,1255.8451467102525,2120.0279732244103
2001-05-31,1509.3693545829342,1241.9642903036643,2116.6980226875835
2001-06-30,1457.0780076225217,1204.184978556917,2056.8054597353794
2001-07-31,1389.3132148693767,1185.237127919324,2010.3790576986846
2001-08-31,1273.4075047024787,1130.8572632532575,1880.2767371816608
2001-09-30,1158.1236392999551,1027.4641145312753,1684.611876334711
2001-10-31,1197.1555259976108,1049.3901987353727,1744.1016613426489
2001-11-30,1276.7240386650124,1114.0420794892605,1891.0788027226527
2001-12-31,1298.8919363704158,1124.661128590952,1869.074530630936
2002-01-31,1307.5084157893436,1093.8116738337023,1874.2418062982595
2002-02-28,1282.9307887776577,1085.7393436808095,1851.7470646352344
2002-03-31,1337.2532603136628,1134.706188080814,1923.724482128166
2002-04-30,1253.4458608773239,1098.7325978000881,1821.725776352486
2002-05-31,1209.8461098062294,1100.2027020159449,1827.5475928353856
2002-06-30,1070.406854760872,1033.1046398280985,1628.5798215327272
2002-07-31,994.5488849016152,946.4333591743598,1463.1374320317775
2002-08-31,992.4221301454846,948.9499254764044,1479.517284647954
2002-09-30,879.733171938824,844.8795360993327,1302.226339305356
2002-10-31,940.9658689460365,907.075343149285,1401.0375915462748
2002-11-30,988.3682862815069,956.6188913167558,1484.770791569257
2002-12-31,892.2362711269469,911.2569801094064,1368.2438656624051
2003-01-31,843.9309792382851,884.5954233853654,1298.9254549546106
2003-02-28,826.4642396395617,869.4246118743065,1336.6491075711917
2003-03-31,814.7844062210744,865.7034745354846,1322.2667462829806
2003-04-30,866.1622484566913,942.9727038586238,1426.0508065735564
2003-05-31,869.867217782712,997.811281451522,1474.033849780556
2003-06-30,907.5000589582809,1016.9512974523251,1485.7839154244186
2003-07-31,950.7614212293463,1039.5164297914946,1560.0490547417135
2003-08-31,995.2950751202075,1064.1799966047276,1630.5690079180201
2003-09-30,943.8512318479812,1071.00883964294,1557.9833728203366
2003-10-31,1006.6252784981224,1135.9687387938034,1619.4437867312213
2003-11-30,987.5773475558955,1153.215016186171,1618.7330043714094
2003-12-31,1000.4869216334988,1226.62637768655,1660.4583970318388
2004-01-31,1027.0710911080864,1247.5219580304404,1653.5582746697983
2004-02-29,1044.6917902640928,1270.4501640970818,1643.6640228462811
2004-03-31,1054.0489210796827,1263.6685011211316,1654.6377611365042
2004-04-30,1058.7058337984279,1234.6243442913635,1678.522518356635
2004-05-31,1049.3491761397433,1244.9593846774264,1642.5065854495451
2004-06-30,1069.5318211332665,1270.1536277451435,1686.7003843721716
2004-07-31,1051.1520338046755,1229.805927606191,1633.5693441371498
2004-08-31,1043.7363676790255,1237.7922873000657,1660.14151981756
2004-09-30,1044.1293746232673,1263.9728319687495,1686.2736887424091
2004-10-31,1039.5443788322525,1295.0539239068605,1703.947834132932
2004-11-30,1056.8961033573503,1366.156269491119,1729.5345199622002
2004-12-31,1076.0381093376816,1419.704130630093,1789.1735822047626
2005-01-31,1094.940470477638,1389.7526325861897,1784.2625811322137
2005-02-28,1117.0606692681813,1438.3800772003804,1809.9734519932274
2005-03-31,1115.2137981558712,1407.3427118945506,1799.582264868488
2005-04-30,1099.0484278834786,1377.2072824047527,1744.16433596251
2005-05-31,1172.0999738751914,1403.827321966354,1867.5979132251687
2005-06-30,1203.6893622438442,1418.6966609606213,1914.3495998918202
2005-07-31,1246.9555185447673,1471.5119002548636,2023.5695248171662
2005-08-31,1234.286578141327,1483.354628028115,1987.6179135276066
2005-09-30,1305.5972509807389,1528.3863078257928,2094.1569237306917
2005-10-31,1274.255525613191,1487.4790482968353,2031.5434188433667
2005-11-30,1344.2034214058683,1542.4384241733067,2156.1849572639453
2005-12-31,1370.7367885340188,1581.024063792426,2218.205207087521
2006-01-31,1401.9894632742205,1658.9685501373924,2253.9147828371392
2006-02-28,1427.9901146697516,1657.0690311474852,2284.328624484443
2006-03-31,1435.0554905274607,1692.7871541138695,2355.597321180552
2006-04-30,1422.7595739072208,1749.8848648221306,2316.7597744788904
2006-05-31,1349.0859383274212,1682.2535646816195,2174.927675292189
2006-06-30,1351.0574706429043,1682.2131905960673,2200.174304467306
2006-07-31,1363.065664044945,1693.9802718642866,2192.551217649898
2006-08-31,1394.0292188799417,1738.7030450217753,2206.7206074634473
2006-09-30,1426.1875404130783,1759.5153204706862,2272.021973028058
2006-10-31,1469.7427435463237,1825.8402504758287,2314.0328308169537
2006-11-30,1457.1182547284666,1878.2400398242344,2309.607544773942
2006-12-31,1495.393170591769,1921.0263479314308,2370.782669741386
2007-01-31,1529.5425088089967,1940.3288206754457,2386.4415625035913
2007-02-28,1499.371589215852,1930.8076271523917,2376.6660002434833
2007-03-31,1515.7445482221808,1970.335120895455,2420.5143415248804
2007-04-30,1549.492513295322,2058.5489945930653,2488.79036735647
2007-05-31,1620.1514653808065,2121.6682238652775,2590.6257017738694
2007-06-30,1605.4583617540668,2116.179468170138,2546.7477703761024
2007-07-31,1564.6411419046217,2084.1574404577877,2480.304335431813
2007-08-31,1567.1359728812236,2079.2429972131886,2491.8754754167603
2007-09-30,1578.0441081138736,2191.565783165642,2587.745383785771
2007-10-31,1615.0013703183529,2277.477353431518,2647.164993838512
2007-11-30,1529.6719258503024,2178.8853588014676,2561.5121657183563
2007-12-31,1518.0879212504444,2155.882866068601,2625.506922133109
2008-01-31,1368.389746753554,1979.5230240927247,2408.061070069314
2008-02-29,1343.976943094324,1985.8099892172434,2413.4015725372033
2008-03-31,1273.8214856763502,1957.6651042400676,2385.6730468266
2008-04-30,1360.0117402545388,2068.1498497280645,2516.2541882996684
2008-05-31,1388.8127303876747,2102.754133013714,2564.2929128524142
2008-06-30,1258.9800654899998,1930.8119275571826,2342.792126525484
2008-07-31,1238.5787885516593,1881.1977842666731,2292.025363482811
2008-08-31,1289.2349787546193,1841.4236195139229,2444.3783745060387
2008-09-30,1175.1178751902935,1611.9693465571515,2188.5844978192918
2008-10-31,1043.6943630122792,1292.9090298544015,1944.1890325765257
2008-11-30,978.456539983037,1208.7600456463276,1900.2773846299185
2008-12-31,921.5833499157915,1253.3282372893534,2076.1979584891906
2009-01-31,919.1736418475361,1146.4393919003683,1906.05404812926
2009-02-28,839.1244988476128,1034.8358099776513,1747.1798345020038
2009-03-31,868.9439053113445,1120.7540879368557,1891.5806270882836
2009-04-30,973.7111025506645,1253.9859716485253,2049.6184502117226
2009-05-31,1001.5185495783285,1380.26862892339,2060.939705719207
2009-06-30,1005.1924380658244,1373.100893933391,2016.851440633474
2009-07-31,1076.7612536879428,1494.3429566659213,2161.4459782469867
2009-08-31,1109.7110884703652,1548.3888583796581,2298.0569905740276
2009-09-30,1136.6688137617753,1619.860939693605,2450.1638315700866
2009-10-31,1113.3178631333972,1595.14510147576,2343.7086053045
2009-11-30,1137.4677817879165,1661.413809571469,2443.0059265559967
2009-12-31,1217.0496972893272,1696.6191681962887,2536.4299178711804
2010-01-31,1203.0564235889237,1623.4762192361786,2455.0177732900843
2010-02-28,1239.4971292226269,1644.6593369447714,2609.1347165837265
2010-03-31,1331.672270666058,1751.2793124402272,2788.160306831531
2010-04-30,1356.1876790118608,1755.0042835377876,2777.6269183083923
2010-05-31,1327.2660741746895,1589.928580628223,2643.756603941848
2010-06-30,1294.200023312712,1541.7521547066074,2493.8318225411476
2010-07-31,1312.5089353954409,1667.5622140349756,2569.421184401901
2010-08-31,1304.2533966217957,1609.844550682797,2535.599567904995
2010-09-30,1329.4744201161182,1764.4363130403153,2714.0165074724164
2010-10-31,1347.0516207634446,1828.806478612652,2756.5511793229925
2010-11-30,1415.3863975963745,1788.7629319569492,2778.663097103663
2010-12-31,1474.212343147375,1920.6520004559986,2973.9842082387413
2011-01-31,1463.5919365688092,1950.9810161951996,2945.111470307398
2011-02-28,1494.4456554876276,2008.4022894638565,2986.474561450401
2011-03-31,1456.464062443999,2007.263525365731,3027.426282891882
2011-04-30,1450.0512857025449,2090.0330368341865,3024.1490771789977
2011-05-31,1460.4349699004342,2046.57079983322,3007.8916898813313
2011-06-30,1427.5005415776932,2015.1477517725805,3034.584298969057
2011-07-31,1414.8297176067522,1982.9376301082473,2918.2719024861
2011-08-31,1314.6506514981436,1838.8216890272404,2735.4877237258106
2011-09-30,1278.428863011883,1665.9522232201007,2584.235693283023
2011-10-31,1367.455490045196,1844.6605841571436,2771.9789246854416
2011-11-30,1367.8573252718588,1790.3445532566366,2755.9723147240097
2011-12-31,1416.9082410596116,1787.6518750485384,2780.331752391641
2012-01-31,1485.404735789942,1891.8558904969932,2901.886059446333
2012-02-29,1532.542618947462,1987.8448746690297,3019.0464283626948
2012-03-31,1541.4073695498835,2002.04405060879,3023.326641642728
2012-04-30,1536.2331500292064,1979.7713105457674,2948.071434097159
2012-05-31,1498.5701940578913,1803.7399444685902,2830.484220550705
2012-06-30,1535.783759895834,1893.679829319628,2914.4850190343523
2012-07-31,1603.185992778365,1920.140217574711,2960.6754445497486
2012-08-31,1602.9986707101784,1962.8268547516147,2990.632571963029
2012-09-30,1617.9683839871827,2025.4135518422243,3028.5363519659686
2012-10-31,1595.1559810784483,2012.3840664632232,3016.143122492519
2012-11-30,1613.0429935372988,2039.032056271329,3078.2215030477105
2012-12-31,1624.7172162024651,2086.5272299580574,3103.027330483295
2013-01-31,1651.5192162918443,2183.001989489628,3327.987014815043
2013-02-28,1717.929299028955,2183.4909819352742,3481.086262435084
2013-03-31,1782.7861501089249,2224.621401561989,3538.491759531477
2013-04-30,1785.6337954554408,2288.8373229394774,3562.3457020820742
2013-05-31,1805.1497247294633,2284.1566506140657,3633.188766412968
2013-06-30,1751.599749186449,2218.272436183754,3524.914078242681
2013-07-31,1795.8567808772,2325.3661928578335,3696.5477968136447
2013-08-31,1769.807694365715,2277.8543108053623,3551.6544188215084
2013-09-30,1820.0066851843915,2396.4986304379704,3579.2016490922597
2013-10-31,1885.6800869701526,2493.4370000391864,3757.8769350964526
2013-11-30,1912.0691923408144,2529.634224968755,3736.0323652489305
2013-12-31,1924.5211522081838,2574.5832955122246,3759.0129000249035
2014-01-31,1883.1329060557152,2472.1045820176564,3635.2975342596656
2014-02-28,1929.665664010734,2592.5479893581387,3742.74440697184
2014-03-31,1944.0760464546229,2605.663689636301,3780.4173588565454
2014-04-30,1949.4125832888276,2631.412858217287,3770.033451937681
2014-05-31,2026.0321713633932,2689.0829024179775,3879.7905152522817
2014-06-30,2056.349769601667,2740.7321177247195,3873.1707128421112
2014-07-31,2077.8789291494886,2708.3421455574485,3877.263000515548
2014-08-31,2166.379477923222,2769.2879688589273,4033.3032509456243
2014-09-30,2180.1705395683966,2680.593213792314,3996.8334268929375
2014-10-31,2214.678016551959,2700.1695860326395,4080.894002672886
2014-11-30,2265.8994043481825,2746.51799697689,4243.8047976298585
2014-12-31,2288.391551928829,2694.924656403679,4182.262864730199
2015-01-31,2414.2335422200226,2653.4713253388773,4259.297199119642
2015-02-28,2571.228542029363,2802.2461556079775,4387.971146888654
2015-03-31,2642.883869697046,2760.7112630895563,4503.808481166603
2015-04-30,2600.8994333199853,2841.6718815909207,4474.925155727881
2015-05-31,2655.300048522496,2839.5917777735963,4489.19571224241
2015-06-30,2556.5023465530576,2774.002886890582,4267.995531294088
2015-07-31,2617.834313235465,2799.0160709216743,4331.290135607499
2015-08-31,2390.014901066788,2608.240733559795,4108.93525533231
2015-09-30,2311.623040340228,2515.0404674275032,4018.9442265727303
2015-10-31,2532.444912629705,2713.1401448848974,4251.195868709316
2015-11-30,2617.5492376327416,2691.9505203533463,4322.2112034419215
2015-12-31,2501.249775473558,2644.6583336117787,4338.488772850905
2016-01-31,2357.7537109240598,2485.820154095056,4218.773968344122
2016-02-29,2333.6759574887055,2469.975536432854,4290.377855696458
2016-03-31,2396.428222837094,2654.6630172185473,4468.929232468033
2016-04-30,2417.809916790113,2695.059024351562,4458.688533717112
2016-05-31,2491.967202648425,2700.338644980267,4507.21441716169
2016-06-30,2483.915813234092,2685.3274624528217,4876.801598477522
2016-07-31,2576.3333181724906,2802.2922707348794,5120.378938227117
2016-08-31,2589.901413887652,2813.0166432549822,5175.96775262945
2016-09-30,2588.9834689169925,2831.425024168443,5276.508520987336
2016-10-31,2604.6036412800822,2784.109080589564,5497.717114374442
2016-11-30,2723.013935979812,2806.7745126146433,5425.473138329297
2016-12-31,2802.0243695431213,2868.5768806079054,5619.528161411287
2017-01-31,2804.320514076775,2947.6348594374595,5664.689171797514
2017-02-28,2944.6749203764193,3031.5274951719093,5919.559423932593
2017-03-31,2961.5179168803943,3070.7766816518997,5914.976534044047
2017-04-30,2941.7806413826816,3119.8968254516035,5823.518327423892
2017-05-31,2915.2426312665293,3190.79024101634,5984.0312867594075
2017-06-30,2883.0677836543346,3206.6516593044325,5951.447002842619
2017-07-31,2860.515295355911,3297.4031079144074,6031.889726123545
2017-08-31,2856.4814663379066,3311.661078953029,6191.499994014717
2017-09-30,2936.385616392543,3376.857750614377,6092.861566155526
2017-10-31,3041.22675203011,3447.690718791265,6274.521978172084
2017-11-30,3034.224266118506,3515.9549950233327,6284.265881677915
2017-12-31,3058.4396332957544,3574.0842789560525,6393.836554390836
2018-01-31,3125.0785834594994,3776.377449144966,6432.960922812355
2018-02-28,3048.936464072744,3619.0724465008325,6358.10009605457
2018-03-31,2954.170578720409,3543.9694550910467,6112.873179262983
2018-04-30,3044.531603696242,3579.4658531532386,6287.147245086547
2018-05-31,3150.6273092735387,3586.1272391059556,6519.103615441956
2018-06-30,3137.2510799621086,3568.1535693835563,6531.123221494499
2018-07-31,3230.94821159244,3676.921594639076,6772.775268881803
2018-08-31,3282.690580107974,3707.3665054426874,6915.268356679881
2018-09-30,3297.642680098479,3724.894934280421,6910.107446956846
2018-10-31,3129.9716242663735,3446.5335358416455,6526.43754468398
2018-11-30,3175.777265772279,3498.517601162745,6633.709662758485
2018-12-31,2914.819628755981,3253.6003779757457,6166.891605550058
2019-01-31,3151.0985259260888,3511.5132799378835,6475.499430102839
2019-02-28,3258.669712601339,3606.9632339131554,6574.284039554876
2019-03-31,3346.8472700042944,3654.719427130165,6777.84330122319
2019-04-30,3462.2621249978993,3779.740069293434,7011.313415830199
2019-05-31,3272.7730970254115,3558.220843052354,6811.024678117608
2019-06-30,3426.0204037713756,3792.867716547441,7221.863908303205
2019-07-31,3529.4022796815057,3805.281772583701,7565.4972917540945
2019-08-31,3476.7834475835243,3716.736671017451,7391.279391672879
2019-09-30,3578.4894814744653,3796.5498742908794,7468.288441785937
2019-10-31,3593.842169454616,3901.346040470931,7287.215204940804
2019-11-30,3727.928750890295,3998.2788841924707,7478.09622796661
2019-12-31,3793.5117168946235,4140.625609027491,7550.387227323691
2020-01-31,3793.2197693545654,4095.9979462133924,7497.853578052564
2020-02-29,3509.124631331469,3766.3397435083007,7100.3272993503315
2020-03-31,3035.9566258185037,3259.96666401284,6345.1235214046765
2020-04-30,3386.5925945129634,3611.4204100934,6932.069000603264
2020-05-31,3489.296373512771,3770.532370521295,7384.659282587818
2020-06-30,3559.7080392287703,3892.7051603909254,7588.279537721948
2020-07-31,3576.204321682865,4100.120169452036,7574.803590090419
2020-08-31,3746.2114897133356,4352.650670808756,7869.930988491433
2020-09-30,3693.4309373697843,4214.027452244839,7884.667154068603
2020-10-31,3627.4168119179285,4112.578955359496,7678.804639442349
2020-11-30,3980.082260954754,4620.893714241929,8384.409265787284
2020-12-31,4068.4142094454555,4837.900124850159,8555.332671406533
2021-01-31,4077.0993324422216,4816.477903097321,8493.83840308391
2021-02-28,4193.790924682118,4929.429126402858,8552.646214143562
2021-03-31,4434.913550630677,5063.908882400254,8881.588429452462
2021-04-30,4518.715256467633,5287.156369389752,9246.977143222935
2021-05-31,4513.294431653077,5371.756158456357,9137.125905891042
2021-06-30,4716.695973854295,5444.425275767954,9515.83664351197
2021-07-31,4745.698005979213,5483.445471719383,9533.717695148438
2021-08-31,4888.665849007789,5602.660465687464,9845.265066081924
2021-09-30,4760.455161259119,5365.840165759679,9626.255408779736
2021-10-31,4982.321571244305,5655.289763223004,9982.857251597305
2021-11-30,5035.68588782252,5524.795414214144,10042.289555151792
2021-12-31,5216.692926185046,5739.587797238763,10253.747158912242
2022-01-31,5056.739224113723,5478.599099221045,9847.083060514255
2022-02-28,4889.414574146998,5310.937688742777,9564.988843288
2022-03-31,4992.686298470016,5414.03272466281,9962.662189450677
2022-04-30,4877.301013856253,4977.2418642678285,9569.142685475594
2022-05-31,4776.623921724242,4999.489021831633,9590.162731159275
2022-06-30,4526.523484489882,4594.182274202651,9120.291997519706
2022-07-31,4967.504392337883,4918.935387519949,9772.12012049914
2022-08-31,4830.120205713703,4704.258394316719,9782.273248367903
2022-09-30,4463.215984443781,4262.309608905647,9230.032454669297
2022-10-31,4686.7830408839045,4532.846814643309,9551.830465065806
2022-11-30,4896.023238851568,4910.719632237051,9844.822018179631
2022-12-31,4522.77283449973,4684.336341653902,9359.274172201805
2023-01-31,4777.1839137963925,5035.8829714977355,9880.294127791522
2023-02-28,4722.78955705767,4868.660042340746,9788.746125534135
2023-03-31,4748.650639621902,5030.915439686937,9858.387597221896
2023-04-30,4767.385382208633,5109.830538534898,9831.465591975248
2023-05-31,4849.11962783588,5056.301200392524,9825.024990431306
2023-06-30,5065.742917746141,5348.7740111762405,10176.135000286122
2023-07-31,5173.761172818627,5541.117304449623,10433.583600303244
2023-08-31,5065.405689272452,5379.992727353044,10260.236942290408
2023-09-30,5018.239524181975,5149.738108262294,10204.500604698893
2023-10-31,4866.80814671131,5018.724505057185,9981.282275419897
2023-11-30,5126.067775899516,5464.73501218115,10464.118377833145
2023-12-31,5326.789667984668,5727.743032073176,10874.978659951912
2024-01-31,5451.996552471651,5743.499512183849,10942.378105481404
2024-02-29,5700.222491377946,6002.393884943357,11492.20071958112
2024-03-31,5910.469244323927,6198.256567769105,11868.698174155435
2024-04-02,5910.469244323927,6198.256567769105,11868.698174155435
2024-04-03,5914.494763986331,6233.535182225973,11881.672007000083
2024-04-04,5922.545803311138,6265.873912144767,11907.619672689381
2024-04-05,5881.284226771502,6198.256567769105,11822.700039524403
2024-04-08,5891.34802592751,6231.575259200591,11853.365462611757
2024-04-09,5867.19490795309,6199.236529281796,11780.82994261667
2024-04-10,5889.335266096309,6161.997991799546,11820.341160825377
2024-04-11,5903.42458491472,6150.238453647257,11828.597236271971
2024-04-12,5923.552183226739,6133.579107931514,11859.262659359325
2024-04-15,5908.456484492725,6120.839608266535,11806.187888631213
2024-04-16,5816.875912173045,6017.943649434003,11649.322455145904
2024-04-17,5782.658995042616,5990.504727078663,11580.914972874114
2024-04-18,5799.767453607831,6018.923610946695,11631.6308649032
2024-04-19,5750.454837743388,5972.375439093883,11582.094412223629
2024-04-22,5763.5377766462,5971.885458337538,11651.091614170173
2024-04-23,5823.920571582252,6067.921686581233,11722.447694815746
2024-04-24,5825.933331413454,6065.961763555852,11733.652368636125
2024-04-25,5760.518636899397,6012.0638803578595,11585.632730272167
2024-04-26,5859.143868628282,6093.400685911192,11775.52246554386
2024-04-29,5866.188528037489,6119.859646753844,11741.318724407965
2024-04-30,5849.080069472275,6084.581032296976,11698.858907825475
2024-05-01,,6026.76330304822,11619.836471408062
2024-05-02,5820.90143183545,6066.941725068542,11685.885074980826
2024-05-03,5868.20128786869,6157.0981842360925,11798.521532859373
2024-05-06,5908.456484492725,,
2024-05-07,5941.667021707554,6232.555220713281,11964.232761466035
2024-05-08,5941.667021707554,6220.795682560993,11978.386033660201
2024-05-09,5950.724440947963,6245.294720378261,12011.41033544658
2024-05-10,5969.845659344379,6261.954066094005,12046.79351593199
2024-05-13,5967.832899513176,6272.733642733603,12027.922486339772
2024-05-14,5963.807379850774,6281.553296347819,12016.128092844634
2024-05-15,6007.081716221611,6357.010332825009,12079.81781771837
2024-05-16,6028.215694449229,6381.5093706422795,12119.918755601833
2024-05-17,6016.139135462019,6364.850024926535,12065.664545524207
2024-05-20,6047.336912845646,6395.228831819949,12115.200998203776
2024-05-21,6029.22207436483,6370.72979400268,12063.30566682518
2024-05-22,6032.241214111633,6365.829986439226,12039.716879834907
2024-05-23,6033.247594027234,6357.010332825009,12037.35800113588
2024-05-24,6008.088096137211,6352.110525261554,11996.077623902904
2024-05-27,6023.1837948712255,,
2024-05-28,5999.030676896803,6351.130563748865,11966.591640165063
2024-05-29,5971.858419175582,6285.473142398583,11905.260793990356
2024-05-30,5950.724440947963,6285.473142398583,11867.51873480592
2024-05-31,5913.48838407073,6245.294720378261,11808.546767330241
2024-06-03,5958.7754802727695,6316.831910804687,11891.107521796192
2024-06-04,5935.6287422139485,6289.392988449346,11843.929947815648
2024-06-05,6012.113615799615,6361.910140388462,11990.180427155334
2024-06-06,6034.253973942835,6392.288947281877,12036.178561786366
2024-06-07,6061.426231664058,6379.549447616896,12068.023424223233
2024-06-10,6087.5921094696805,6369.749832489989,12043.255197883449
2024-06-11,6075.515550482471,6347.210717698101,12004.3336993495
2024-06-12,6107.719707781698,6452.066599556014,12093.971089912535
2024-06-13,6104.700568034896,6396.208793332639,12063.30566682518
2024-06-14,6122.815406515711,6380.529409129587,12108.124362106697
2024-06-17,6125.834546262514,6396.208793332639,12134.072027795995
2024-06-18,6160.051463392943,6440.307061403723,12208.376706815356
2024-06-19,6170.115262548953,6455.986445606775,12214.27390356292
2024-06-20,6192.255620692171,6461.866214682921,12261.451477543465
2024-06-21,6174.140782211356,6420.707831149909,12242.580447951246
2024-06-24,6183.198201451763,6458.926330144848,12252.015962747357
2024-06-25,6175.147162126957,6438.347138378343,12223.70941835903
2024-06-26,6177.1599219581585,6424.627677200672,12252.015962747357
2024-06-27,6173.1344022957555,6437.367176865652,12255.554280795897
2024-06-28,6198.293900185778,6467.745983759066,12318.064566320118
2024-07-01,6165.083362970948,6438.347138378343,12261.451477543465
2024-07-02,6175.147162126957,6451.086638043323,12252.015962747357
2024-07-03,6195.274760438974,6516.744059393605,12290.937461281304
2024-07-04,6212.3832190041885,6540.263135698181,12334.576717213307
2024-07-05,6210.3704591729875,6549.082789312399,12308.629051524009
2024-07-08,6223.4533980758,6564.762173515452,12320.423445019145
2024-07-09,6232.510817316206,6558.882404439308,12341.65335331039
2024-07-10,6260.689454953032,6597.100903434246,12367.601018999692
2024-07-11,6251.632035712623,6616.700133688063,12329.858959815254
2024-07-12,6281.82343318065,6667.658132347984,12360.52438290261
2024-07-15,6277.797913518246,6669.618055373364,12362.883261601635
2024-07-16,6283.836193011851,6657.858517221075,12382.933730543367
2024-07-17,6218.421498497794,6615.720172175372,12252.015962747357
2024-07-18,6187.223721114167,6565.742135028142,12190.68511657265
2024-07-19,6143.94938474333,6510.86429031746,12141.148663893078
2024-07-22,6170.115262548953,6540.263135698181,12195.402873970705
2024-07-23,6225.466157907001,6580.441557718504,12261.451477543465
2024-07-24,6123.821786431312,6473.62575283521,12050.331833980528
2024-07-25,6092.624009047685,6441.2870229164155,12034.999122436853
2024-07-26,6105.706947950497,6452.066599556014,12084.535575116424
2024-07-29,6115.770747106506,6444.226907454488,12070.382302922262
2024-07-30,6118.7898868533075,6439.327099891032,12080.997257067886
2024-07-31,6214.395978835391,6553.002635363163,12280.322507135685
2024-08-01,6150.994044152535,6461.866214682921,12183.608480475566
2024-08-02,5913.48838407073,6283.5132193732015,11817.98228212635
2024-08-05,5776.620715549011,6165.91783785031,11631.6308649032
2024-08-06,5819.895051919848,6197.276606256415,11719.499096441963
2024-08-07,5912.482004155128,6292.332872987417,11898.184157893273
2024-08-08,5920.533043479936,6286.453103911274,11887.569203747653
2024-08-09,5939.654261876352,6319.77179534276,11909.97855138841
2024-08-12,5952.737200779164,6336.431141058502,11928.84958098063
2024-08-13,6004.062576474807,6404.048485434166,12020.84585024269
2024-08-14,6015.132755546419,6455.986445606775,12093.971089912535
2024-08-15,6119.79626676891,6545.162943261637,12244.939326650276
2024-08-16,6125.834546262514,6557.902442926617,12239.042129902708
2024-08-19,6143.94938474333,6623.559864276897,12280.322507135685
2024-08-20,6123.821786431312,6620.619979738825,12233.144933155138
2024-08-21,6134.891965502922,6650.998786632239,12249.657084048331
2024-08-22,6138.917485165325,6640.219209992641,12210.735585514381
2024-08-23,6143.94938474333,6695.097054703324,12189.505677223136
2024-08-26,6134.891965502922,,
2024-08-27,6138.917485165325,6673.537901424126,12141.148663893078
2024-08-28,6140.930244996527,6650.998786632239,12131.713149096968
2024-08-29,6210.3704591729875,6699.016900754087,12242.580447951246
2024-08-30,6190.242860860971,6663.73828629722,12213.094464213409
2024-09-02,6222.447018160198,6705.876631342923,12280.322507135685
2024-09-03,6163.070603139747,6618.660056713445,12167.096329582377
2024-09-04,6096.649528710088,6576.52171166774,12037.35800113588
2024-09-05,6059.413471832857,6536.34328964742,11966.591640165063
2024-09-06,5979.909458500388,6460.886253170232,11822.700039524403
2024-09-09,6047.336912845646,6498.12479065248,11966.591640165063
2024-09-10,6053.375192339251,6497.144829139789,11976.027154961173
2024-09-11,6028.215694449229,6462.846176195613,11940.643974475763
2024-09-12,6131.872825756119,6586.321326794648,12126.995391698912
2024-09-13,6174.140782211356,6664.718247809911,12202.479510067786
2024-09-16,6145.962144574532,6657.858517221075,12134.072027795995
2024-09-17,6185.210961282965,6695.097054703324,12242.580447951246
2024-09-18,6155.019563814939,6660.798401759148,12143.507542592104
2024-09-19,6242.574616472216,6771.534052693202,12277.963628436655
2024-09-20,6203.325799763781,6729.395707647501,12197.76175266973
2024-09-23,6248.612895965821,6774.473937231275,12207.19726746584
2024-09-24,6262.702214784232,6802.892821099309,12231.965493805625
2024-09-25,6263.708594699834,6802.892821099309,12268.528113640548
2024-09-26,6299.9382716614655,6854.830781271919,12303.911294125955
2024-09-27,6318.053110142281,6870.5101654749715,12348.729989407473
2024-09-30,6299.9382716614655,6837.191474043485,12280.322507135685
2024-10-01,6314.027590479877,6797.993013535855,12320.423445019145
2024-10-02,6350.257267441509,6827.391858916578,12380.57485184434
2024-10-03,6332.142428960693,6788.193398408947,12459.597288261752
2024-10-04,6370.384865753526,6797.993013535855,12492.621590048133
2024-10-07,6392.525223896745,6832.291666480031,12564.567390368462
2024-10-08,6377.429525162732,6806.81266715007,12522.107573785972
2024-10-09,6416.678341871166,6839.1513970688675,12575.182344514084
2024-10-10,6427.748520942777,6838.171435556177,12609.38608564998
2024-10-11,6450.895259001595,6878.349857576497,12664.819735077119
2024-10-14,6495.175975288035,6905.78877993184,12730.868338649881
2024-10-15,6472.029237229215,6869.53020396228,12634.154311989767
2024-10-16,6477.061136807218,6858.750627322682,12695.485158164474
2024-10-17,6528.386512502864,6889.129434216096,12742.662732145018
2024-10-18,6524.360992840459,6898.929049343004,12735.586096047937
2024-10-21,6495.175975288035,6844.051204632321,12690.767400766417
2024-10-22,6503.227014612842,6847.9710506830825,12702.561794261555
2024-10-23,6484.105796216426,6802.892821099309,12655.38422028101
2024-10-24,6470.016477398013,6803.872782611999,12638.87206938782
2024-10-25,6492.156835541232,6838.171435556177,12681.331885970309
2024-10-28,6490.144075710029,6838.171435556177,12676.614128572255
2024-10-29,6494.169595372434,6828.371820429268,12650.666462882957
2024-10-30,6453.9143987483985,6826.4118974038865,12634.154311989767
2024-10-31,6351.263647357109,6715.67624646983,12558.670193620896
2024-11-01,6402.589023052754,6763.694360591677,12572.823465815058
2024-11-04,6355.289167019513,6738.2153612617185,12520.928134436459
2024-11-05,6389.506084149943,6790.153321434329,12565.746829717977
2024-11-06,6562.603429633292,6854.830781271919,12813.429093115834
2024-11-07,6610.909665582135,6948.907086490231,12881.836575387624
2024-11-08,6641.1010630501605,6936.167586825253,12917.219755873031
2024-11-11,6705.509377648616,6952.8269325409965,13004.498267737039
2024-11-12,6674.311600264989,6892.069318754168,13013.933782533146
2024-11-13,6694.439198577007,6887.169511190715,13039.881448222448
2024-11-14,6689.407298999004,6884.229626652642,13044.5992056205
2024-11-15,6609.903285666534,6792.113244459711,12938.449664164278
2024-11-18,6635.062783556557,6828.371820429268,12997.421631639958
2024-11-19,6630.03088397855,6826.4118974038865,12973.832844649683
2024-11-20,6632.043643809755,6788.193398408947,12933.731906766221
2024-11-21,6706.515757564219,6851.890896733847,13091.776779601045
2024-11-22,6784.007011065485,6867.570280936899,13212.079593251432
2024-11-25,6765.892172584669,6908.728664469912,13242.745016338788
2024-11-26,6770.924072162674,6905.78877993184,13249.82165243587
2024-11-27,6716.579556720227,6912.648510520676,13124.801081387426
2024-11-28,6743.75181444145,6927.3479332110355,13153.107625775752
2024-11-29,6770.924072162674,6956.746778591759,13182.593609513591
2024-12-02,6831.306867098725,6972.426162794813,13280.487075523222
2024-12-03,6825.26858760512,6984.1857009471,13282.84595422225
2024-12-04,6846.40256583274,7019.464315403967,13292.28146901836
2024-12-05,6841.370666254736,7041.0234686831645,13289.922590319333
2024-12-06,6845.396185917139,7044.943314733928,13299.358105115442
2024-12-09,6840.364286339134,7045.92327624662,13266.333803329062
2024-12-10,6843.383426085937,6997.905162124771,13216.797350649489
2024-12-11,6878.606723131967,7027.304007505493,13273.410439426143
2024-12-12,6864.517404313554,7016.524430865896,13296.999226416412
2024-12-13,6832.313247014326,6980.265854896338,13315.870256008631
2024-12-16,6841.370666254736,6995.94523909939,13266.333803329062
2024-12-17,6818.223928195914,6972.426162794813,13202.644078455325
2024-12-18,6832.313247014326,6969.48627825674,13219.156229348513
2024-12-19,6734.694395201042,6805.832705637381,13051.675841717582
2024-12-20,6745.764574272651,6837.191474043485,13081.161825455421
2024-12-23,6730.6688755386385,6815.632320764288,13108.288930494236
2024-12-24,,6867.570280936899,13162.543140571861
2024-12-27,6760.860273006665,6864.6303963988275,13120.083323989371
2024-12-30,6703.4966178174145,6796.033090510473,13068.187992610774
2024-12-31,,6827.391858916578,13110.647809193262
2025-01-02,6817.217548280312,6801.912859586618,13227.412304795113
2025-01-03,6805.140989293103,6821.512089840432,13220.33566869803
2025-01-06,6837.345146592331,6924.408048672963,13309.973059261063
2025-01-07,6789.038910643488,6857.770665809991,13232.130062193164
2025-01-08,6793.0644303058925,6814.652359251598,13280.487075523222
2025-01-09,6796.083570052696,6807.792628662762,13330.023528202793
2025-01-10,6728.6561157074375,6705.876631342923,13235.668380241705
2025-01-13,6719.598696467028,6677.457747474889,13210.900153901921
2025-01-14,6708.528517395419,6721.556015545974,13265.154363979545
2025-01-15,6812.18564870231,6813.6723977389065,13431.455312260963
2025-01-16,6833.319626929928,6859.730588835373,13488.068401037617
2025-01-17,6894.708801781581,6915.588395058747,13655.548788668551
2025-01-20,6864.517404313554,6953.806894053686,13610.730093387034
2025-01-21,6867.536544060357,6962.626547667904,13606.012335988979
2025-01-22,6917.855539840401,7014.564507840514,13705.085241348124
2025-01-23,6924.900199249608,7022.40419994204,13696.829165901525
2025-01-24,6900.747081275186,7062.582621962362,13610.730093387034
2025-01-27,6787.026150812287,6939.107471363326,13388.995495678475
2025-01-28,6868.542923975959,6975.366047332885,13506.939430629836
2025-01-29,6900.747081275186,7000.845046662843,13547.040368513297
2025-01-30,6925.906579165207,7027.304007505493,13577.705791600652
2025-01-31,6987.295754016861,7075.322121627343,13700.367483950065
2025-02-03,6932.951238574414,6959.686663129831,13485.709522338593
2025-02-04,6935.970378321217,7008.684738764368,13516.374945425943
2025-02-05,6912.823640262397,7016.524430865896,13482.171204290049
2025-02-06,6987.295754016861,7059.642737424289,13659.087106717092
2025-02-07,6977.231954860852,7027.304007505493,13634.318880377305
2025-02-10,7022.519051062892,7047.883199272001,13700.367483950065
2025-02-11,7002.391452750875,7055.722891373526,13672.06093956174
2025-02-12,6959.117116380038,7021.42423842935,13611.909532736545
2025-02-13,6990.314893763663,7104.720967008065,13639.03663777536
2025-02-14,6979.244714692054,7138.039658439551,13620.165608183142
2025-02-17,7016.480771569286,7159.598811718747,13662.62542476563
2025-02-18,7023.525430978493,7153.719042642604,13650.831031270494
2025-02-19,7044.6594092061105,7140.979542977624,13667.343182163686
2025-02-20,6980.251094607655,7119.420389698427,13561.19364070746
2025-02-21,6993.334033510466,7125.30015877457,13555.296443959895
2025-02-24,6912.823640262397,7046.903237759309,13426.73755486291
2025-02-25,6814.19840853351,6967.526355231356,13259.25716723198
2025-02-26,6904.772600937589,7064.542544987744,13398.431010474582
2025-02-27,6913.830020177998,7004.764892713607,13350.073997144525
2025-02-28,6834.326006845528,6921.468164134891,13215.617911299974
2025-03-03,6848.41532566394,6997.905162124771,13252.180531134896
2025-03-04,6637.0755433877575,6800.9328980739265,12879.477696688597
2025-03-05,6556.565150139689,6871.490126987664,12873.58049994103
2025-03-06,6567.635329211298,6935.187625312561,12931.373028067195
2025-03-07,6460.959058157606,6824.451974378505,12716.715066455718
2025-03-10,6409.63368246196,6766.63424512975,12618.821600446086
2025-03-11,6292.893612252259,6692.157170165253,12434.829061921966
2025-03-12,6360.3210665975175,6755.854668490151,12530.363649232568
2025-03-13,6320.065869973482,6687.257362601798,12433.649622572451
2025-03-14,6394.537983727947,6772.5140142058945,12615.283282397548
2025-03-17,6425.735761111575,6832.291666480031,12661.281417028578
2025-03-18,6400.576263221554,6815.632320764288,12625.89823654317
2025-03-19,6463.978197904407,6847.9710506830825,12707.279551659609
2025-03-20,6478.067516722821,6839.1513970688675,12695.485158164474
2025-03-21,6459.952678242004,6812.692436226216,12695.485158164474
2025-03-24,6564.616189464495,6899.909010855694,12862.965545795405
2025-03-25,6571.660848873701,6917.548318084128,12854.70947034881
2025-03-26,6542.475831321276,6872.470088500353,12825.223486610968
2025-03-27,6523.354612924858,6857.770665809991,12730.868338649881
2025-03-28,6385.480564487539,6735.2754767236465,12523.287013135487
2025-03-31,6344.218987947903,6668.6380938606735,12433.649622572451
2025-04-01,6416.678341871166,6754.874706977461,12575.182344514084
2025-04-02,6405.608162799556,6773.493975718586,12568.105708417004
2025-04-03,6103.694188119295,6576.52171166774,12070.382302922262
2025-04-04,5826.939711329054,6239.414951302117,11604.503759864387
2025-04-07,5661.893405170511,6006.184111281714,11348.565421019934
2025-04-08,5833.984370738261,6191.396837180269,11682.346756932284
2025-04-09,5560.249033694824,5995.404534642116,11287.234574845226
2025-04-10,5775.6143356334105,6296.2527190381825,11696.500029126448
2025-04-11,5732.339999262573,6332.511295007741,11664.065447014824
2025-04-14,5892.354405843112,6526.543674520511,11914.696308786464
2025-04-15,5952.737200779164,6548.102827799708,11909.97855138841
2025-04-16,5882.290606687104,6506.944444266698,11846.288826514676
2025-04-17,5827.946091244656,6456.966407119468,11713.601899694395
2025-04-22,5790.710034367423,6478.525560398664,11655.219651893469
2025-04-23,5958.7754802727695,6602.000710997701,11964.232761466035
2025-04-24,6009.094476052813,6645.119017556095,12018.486971543662
2025-04-25,6028.215694449229,6677.457747474889,12070.382302922262
2025-04-28,6045.324153014444,6699.996862266779,12034.999122436853
2025-04-29,6073.502790651269,6740.175284287099,12105.76548340767
2025-04-30,6095.643148794487,6723.515938571356,12130.533709747455
2025-05-01,,6835.231551018104,12374.677655096772
2025-05-02,6246.600136134619,6896.969126317622,12474.929999805428
2025-05-05,6261.695834868632,,
2025-05-06,6228.485297653802,6879.329819089189,12381.754291193854
2025-05-07,6196.281140354575,6841.111320094248,12348.729989407473
2025-05-08,6289.874472505457,6902.848895393767,12487.903832650078
2025-05-09,6286.855332758654,6896.969126317622,12483.186075252024
2025-05-12,6493.163215456832,7020.444276916659,12794.558063523615
2025-05-13,6527.380132587263,7101.781082469992,12874.759939290541
2025-05-14,6514.2971936844515,7106.680890033446,12857.068349047837
2025-05-15,6537.443931743271,7114.520582134972,12887.733772135192
2025-05-16,6576.6927484517055,7139.999581464933,12956.141254406979
2025-05-19,6545.494971068079,7170.378388358347,12904.24592302838
2025-05-20,6553.546010392885,7179.198041972565,12933.731906766221
2025-05-21,6507.252534275244,7185.077811048707,12868.862742542973
2025-05-22,6461.965438073205,7099.821159444612,12713.176748407177
2025-05-23,6397.5571234747495,7064.542544987744,12594.053374106303
2025-05-26,6449.888879085995,,
2025-05-27,6495.175975288035,7166.458542307583,12767.430958484803
2025-05-28,6500.20787486604,7147.839273566458,12779.22535197994
2025-05-29,6471.022857313614,7159.598811718747,12799.275820921668
2025-05-30,6464.984577820007,7142.939466003006,12759.17488303821
2025-06-02,6438.818700014384,7160.578773231438,12726.150581251828
2025-06-03,6513.29081376885,7212.516733404048,12839.376758805134
2025-06-04,6520.335473178058,7250.735232398988,12870.042181892486
2025-06-05,6525.367372756061,7273.274347190878,12881.836575387624
2025-06-06,6550.526870646083,7269.354501140114,12929.01414936817
2025-06-09,6555.558770224087,7286.013846855856,12933.731906766221
2025-06-10,6556.565150139689,7288.953731393929,12990.344995542875
2025-06-11,6559.58428988649,7338.931768541159,13037.52256952342
2025-06-12,6500.20787486604,7329.132153414251,12983.268359445794
2025-06-13,6470.016477398013,7287.973769881239,12904.24592302838
2025-06-16,6501.214254781639,7332.072037952323,12987.986116843847
2025-06-17,6484.105796216426,7278.174154754331,12973.832844649683
2025-06-18,6479.07389663842,7270.334462652805,12989.165556193362
2025-06-19,6421.710241449171,7170.378388358347,12855.888909698326
2025-06-20,6442.844219676789,7225.25623306903,12901.887044329354
2025-06-23,6428.7549008583765,7231.136002145175,12887.733772135192
2025-06-24,6499.201494950438,7353.631191231521,12990.344995542875
2025-06-25,6495.175975288035,7351.671268206138,12995.06275294093
2025-06-26,6499.201494950438,7408.509035942203,12978.550602047739
2025-06-27,6546.501350983679,7470.246611241721,13103.57117309618
2025-06-30,6530.399272334065,7470.246611241721,13121.262763338886
2025-07-01,6520.335473178058,7479.066264855937,13122.442202688399
2025-07-02,6537.443931743271,7501.6053796478245,13261.616045931007
2025-07-03,6602.858626257327,7564.322916460034,13325.30577080474
2025-07-04,6555.558770224087,7520.224648388949,13268.692682028086
2025-07-07,6576.6927484517055,7512.384956287424,13261.616045931007
2025-07-08,6578.705508282907,7497.685533597062,13295.8197870669
2025-07-09,6596.820346763722,7520.224648388949,13322.94689210571
2025-07-10,6642.107442965762,7552.563378307746,13403.148767872639
2025-07-11,6605.8777660041305,7519.24468687626,13405.507646571663
2025-07-14,6613.928805328937,7529.044302003167,13471.556250144426
2025-07-15,6654.184001952973,7518.26472536357,13521.092702823998
2025-07-16,6561.597049717691,7479.066264855937,13374.842223484313
2025-07-17,6694.439198577007,7555.503262845817,13560.014201357948
2025-07-18,6671.292460518188,7572.162608561561,13558.834762008433
2025-07-21,6679.343499842995,7614.300953607264,13572.988034202597
2025-07-22,6636.069163472156,7583.92214671385,13516.374945425943
2025-07-23,6695.445578492609,7644.679760500678,13561.19364070746
2025-07-24,6705.509377648616,7687.798067059071,13672.06093956174
2025-07-25,6712.554037057824,7670.158759830638,13740.46842183353
2025-07-28,6769.917692247072,7660.359144703731,13747.54505793061
2025-07-29,6797.089949968297,7634.88014537377,13780.569359716992
2025-07-30,6828.287727351923,7626.060491759552,13819.490858250942
2025-07-31,6838.351526507932,7617.240838145337,13856.053478085863
2025-08-01,6644.120202796964,7472.206534267103,13572.988034202597
2025-08-04,6714.566796889025,7568.242762510798,13707.444120047148
2025-08-05,6703.4966178174145,7562.362993434654,13688.57309045493
2025-08-06,6715.573176804626,7613.320992094573,13733.391785736447
2025-08-07,6737.713534947845,7635.86010688646,13699.188044600556
2025-08-08,6752.809233681857,7673.09864436871,13731.032907037423
2025-08-11,6795.0771901370945,7677.018490419474,13778.210481017964
2025-08-12,6794.070810221494,7727.976489079393,13759.339451425749
2025-08-13,6808.160129039907,7775.01464168855,13786.46655646456
2025-08-14,6839.357906423533,7754.4354499220435,13782.92823841602
2025-08-15,6817.217548280312,7775.994603201241,13786.46655646456
2025-08-18,6833.319626929928,7767.1749495870245,13830.105812396565
2025-08-19,6834.326006845528,7766.194988074332,13846.617963289757
2025-08-20,6797.089949968297,7720.136796977868,13794.722631911154
2025-08-21,6820.236688027116,7719.156835465176,13834.82356979462
2025-08-22,6863.511024397954,7832.832370937306,13924.460960357655
2025-08-25,6855.459985073147,,
2025-08-26,6842.377046170335,7762.275142023569,13865.488992881972
2025-08-27,6884.6450026255725,7783.834295302766,13912.666566862516
2025-08-28,6870.55568380716,7801.4736025312,13898.513294668353
2025-08-29,6817.217548280312,7766.194988074332,13837.182448493644
2025-09-01,6837.345146592331,7791.673987404293,13846.617963289757
2025-09-02,6762.873032837867,7682.898259495617,13815.952540202401
2025-09-03,6808.160129039907,7744.635834795136,13858.412356784891
2025-09-04,6857.472744904348,7775.01464168855,13936.25535385279
2025-09-05,6821.243067942719,7798.5337179931275,13871.386189629542
2025-09-08,6865.523784229155,7853.411562703812,13957.485262144033
2025-09-09,6872.5684436383635,7846.551832114976,13959.84414084306
2025-09-10,6912.823640262397,7890.650100186061,14016.457229619715
2025-09-11,6959.117116380038,7952.387675485579,14099.017984085669
2025-09-12,6961.12987621124,7944.547983384053,14106.094620182748
2025-09-15,6973.206435198451,7985.706366917064,14133.22172522156
2025-09-16,6920.874679587203,7978.84663632823,14069.532000347826
2025-09-17,6925.906579165207,7989.626212967828,14070.71143969734
2025-09-18,6992.327653594866,8021.964942886623,14239.371266677786
2025-09-19,6996.353173257269,7998.445866582046,14291.266598056385
2025-09-22,7008.42973224448,8033.724481038912,14320.752581794224
2025-09-23,7020.506291231691,8058.223518856183,14354.956322930118
2025-09-24,7011.448871991282,8013.1452892724055,14341.982490085467
2025-09-25,7001.385072835272,7959.247406074415,14356.135762279631
2025-09-26,6997.359553172871,7972.966867252085,14316.034824396169
2025-09-29,7024.531810894094,8023.924865912004,14384.442306667957
2025-09-30,7017.487151484887,8020.005019861242,14349.05912618255
2025-10-01,7069.818907096133,8074.882864571924,14422.184365852394
2025-10-02,7097.997544732958,8082.722556673451,14502.386241619319
2025-10-03,7128.188942200983,8148.379978023732,14549.563815599864
2025-10-06,7154.354820006607,8157.19963163795,14563.71708779403
2025-10-07,7140.265501188194,8117.021209617627,14533.051664706672
2025-10-08,7203.667435871049,8147.400016511043,14615.612419172627
2025-10-09,7203.667435871049,8107.22159449072,14665.1488718522
2025-10-10,7050.697688699716,7986.686328429755,14386.801185366989
2025-10-13,7117.118763129375,8020.984981373933,14476.438575930018
2025-10-14,7086.927365661348,7995.505982043973,14467.003061133912
2025-10-15,7129.195322116584,8080.762633648068,14516.539513813485
2025-10-16,7132.214461863387,8104.281709952649,14516.539513813485
2025-10-17,7049.691308784115,8017.065135323171,14393.87782146407
2025-10-20,7178.507937981027,8153.279785587186,14620.330176570682
2025-10-21,7201.654676039847,8141.520247434897,14636.84232746387
2025-10-22,7164.418619162615,8104.281709952649,14580.229238687218
2025-10-23,7195.616396546242,8134.660516846063,14693.455416240526
2025-10-24,7250.96729190429,8206.197707272486,14860.935803871456
2025-10-27,7298.267147937531,8270.875167110078,14926.984407444217
2025-10-28,7307.324567177939,8299.29405097811,15035.49282759947
2025-10-29,7326.445785574356,8318.893281231927,15125.130218162505
2025-10-30,7329.464925321157,8257.155705932408,15113.335824667369
2025-10-31,7323.426645827552,8225.796937526304,15063.799371987798
2025-11-03,7335.503204814763,8235.59655265321,15077.952644181963
2025-11-04,7309.337327009141,8180.7187079425275,15087.388158978069
2025-11-05,7319.401126165149,8181.698669455217,15096.823673774179
2025-11-06,7213.7312350270595,8110.161479028794,14893.960105657838
2025-11-07,7122.150662707378,8040.584211627747,14686.378780143443
2025-11-10,7273.107650047508,8181.698669455217,14960.008709230602
2025-11-11,7297.260768021932,8236.576514165903,15049.646099793634
2025-11-12,7333.490444983562,8277.734897698914,15167.590034744995
2025-11-13,7236.877973085878,8214.037399374012,14974.161981424762
2025-11-14,7229.833313676673,8178.758784917146,14964.726466628654
2025-11-17,7196.622776461843,8129.760709282607,14851.50028907535
2025-11-18,7104.035824226563,8007.265520196262,14665.1488718522
2025-11-19,7114.099623382572,7996.485943556664,14719.403081929824
2025-11-20,7156.367579837807,8044.50405767851,14780.73392810453
2025-11-21,7084.914605830147,7929.848560693691,14570.793723891109
2025-11-24,7168.444138825019,8046.463980703892,14776.016170706478
2025-11-25,7185.552597390235,8089.582287262286,14776.016170706478
2025-11-26,7267.069370553903,8210.117553323253,14922.266650046164
2025-11-27,7259.018331229097,8198.358015170961,14891.601226958812
2025-11-28,7288.203348781522,8227.756860551683,
