country_code,date,spread_vs_de
AT,1995-06-30,36.26
AT,1995-07-31,34.3
AT,1995-08-31,32.78
AT,1995-09-30,36.04
AT,1995-10-31,48.32
AT,1995-11-30,47.83
AT,1995-12-31,35.09
AT,1996-01-31,28.5
AT,1996-02-29,23.2
AT,1996-03-31,10.2
AT,1996-04-30,1.5
AT,1996-05-31,4.3
AT,1996-06-30,1.7
AT,1996-07-31,16.3
AT,1996-08-31,9.8
AT,1996-09-30,5.5
AT,1996-10-31,8.3
AT,1996-11-30,13.8
AT,1996-12-31,3.5
AT,1997-01-31,0.3
AT,1997-02-28,0.7
AT,1997-03-31,-6.6
AT,1997-04-30,5.4
AT,1997-05-31,-0.5
AT,1997-06-30,6.4
AT,1997-07-31,0.7
AT,1997-08-31,1.5
AT,1997-09-30,3.7
AT,1997-10-31,9.3
AT,1997-11-30,8.7
AT,1997-12-31,5.8
AT,1998-01-31,9.6
AT,1998-02-28,10.5
AT,1998-03-31,12.2
AT,1998-04-30,12.7
AT,1998-05-31,10.3
AT,1998-06-30,11.3
AT,1998-07-31,9.2
AT,1998-08-31,32.9
AT,1998-09-30,31.8
AT,1998-10-31,23.2
AT,1998-11-30,25.1
AT,1998-12-31,17.2
AT,1999-01-31,18.0
AT,1999-02-28,14.6
AT,1999-03-31,19.1
AT,1999-04-30,19.7
AT,1999-05-31,18.2
AT,1999-06-30,24.7
AT,1999-07-31,20.6
AT,1999-08-31,21.8
AT,1999-09-30,22.5
AT,1999-10-31,34.5
AT,1999-11-30,24.4
AT,1999-12-31,19.3
AT,2000-01-31,20.5
AT,2000-02-29,26.6
AT,2000-03-31,23.9
AT,2000-04-30,25.8
AT,2000-05-31,34.6
AT,2000-06-30,38.1
AT,2000-07-31,31.8
AT,2000-08-31,33.0
AT,2000-09-30,30.8
AT,2000-10-31,28.9
AT,2000-11-30,28.5
AT,2000-12-31,30.8
AT,2001-01-31,31.3
AT,2001-02-28,32.1
AT,2001-03-31,34.0
AT,2001-04-30,31.3
AT,2001-05-31,27.3
AT,2001-06-30,27.0
AT,2001-07-31,24.5
AT,2001-08-31,26.0
AT,2001-09-30,24.5
AT,2001-10-31,24.4
AT,2001-11-30,22.6
AT,2001-12-31,17.2
AT,2002-01-31,18.31
AT,2002-02-28,19.13
AT,2002-03-31,19.54
AT,2002-04-30,18.53
AT,2002-05-31,17.33
AT,2002-06-30,19.85
AT,2002-07-31,18.24
AT,2002-08-31,17.74
AT,2002-09-30,18.8
AT,2002-10-31,13.52
AT,2002-11-30,8.28
AT,2002-12-31,6.68
AT,2003-01-31,6.14
AT,2003-02-28,3.65
AT,2003-03-31,1.3
AT,2003-04-30,-1.41
AT,2003-05-31,14.99
AT,2003-06-30,10.1
AT,2003-07-31,6.04
AT,2003-08-31,6.13
AT,2003-09-30,5.52
AT,2003-10-31,3.15
AT,2003-11-30,3.59
AT,2003-12-31,3.26
AT,2004-01-31,9.19
AT,2004-02-29,6.3
AT,2004-03-31,10.3
AT,2004-04-30,5.7
AT,2004-05-31,10.8
AT,2004-06-30,1.8
AT,2004-07-31,-0.8
AT,2004-08-31,0.5
AT,2004-09-30,7.6
AT,2004-10-31,5.1
AT,2004-11-30,-5.2
AT,2004-12-31,-1.6
AT,2005-01-31,-1.8
AT,2005-02-28,-0.2
AT,2005-03-31,-6.9
AT,2005-04-30,10.3
AT,2005-05-31,-2.7
AT,2005-06-30,-3.0
AT,2005-07-31,6.2
AT,2005-08-31,-3.0
AT,2005-09-30,2.3
AT,2005-10-31,-0.2
AT,2005-11-30,-1.1
AT,2005-12-31,-0.2
AT,2006-01-31,1.1
AT,2006-02-28,-4.6
AT,2006-03-31,-0.4
AT,2006-04-30,2.1
AT,2006-05-31,8.7
AT,2006-06-30,3.5
AT,2006-07-31,2.6
AT,2006-08-31,-1.2
AT,2006-09-30,6.7
AT,2006-10-31,-1.1
AT,2006-11-30,2.9
AT,2006-12-31,4.7
AT,2007-01-31,3.9
AT,2007-02-28,8.1
AT,2007-03-31,5.9
AT,2007-04-30,-1.7
AT,2007-05-31,5.2
AT,2007-09-30,6.9
AT,2007-10-31,17.0
AT,2007-11-30,18.8
AT,2007-12-31,5.7
AT,2008-01-31,12.9
AT,2008-02-29,11.7
AT,2008-03-31,34.6
AT,2008-04-30,28.8
AT,2008-05-31,21.6
AT,2008-06-30,26.1
AT,2008-07-31,27.6
AT,2008-08-31,28.7
AT,2008-09-30,42.9
AT,2008-10-31,62.1
AT,2008-11-30,62.4
AT,2008-12-31,89.0
AT,2009-01-31,92.9
AT,2009-02-28,106.0
AT,2009-03-31,101.2
AT,2009-04-30,83.8
AT,2009-05-31,74.9
AT,2009-06-30,72.4
AT,2009-07-31,48.3
AT,2009-08-31,48.4
AT,2009-09-30,43.7
AT,2009-10-31,36.7
AT,2009-11-30,36.6
AT,2009-12-31,48.6
AT,2010-01-31,48.3
AT,2010-02-28,48.9
AT,2010-03-31,37.3
AT,2010-04-30,36.7
AT,2010-05-31,35.3
AT,2010-06-30,66.8
AT,2010-07-31,43.5
AT,2010-08-31,47.7
AT,2010-09-30,54.1
AT,2010-10-31,43.3
AT,2010-11-30,55.9
AT,2010-12-31,56.9
AT,2011-01-31,45.5
AT,2011-02-28,47.7
AT,2011-03-31,47.2
AT,2011-04-30,40.7
AT,2011-05-31,42.9
AT,2011-06-30,47.5
AT,2011-07-31,58.8
AT,2011-08-31,61.1
AT,2011-09-30,78.7
AT,2011-10-31,95.0
AT,2011-11-30,124.0
AT,2011-12-31,109.7
AT,2012-01-31,128.0
AT,2012-02-29,112.7
AT,2012-03-31,98.8
AT,2012-04-30,101.4
AT,2012-05-31,88.8
AT,2012-06-30,82.5
AT,2012-07-31,60.7
AT,2012-08-31,60.5
AT,2012-09-30,50.0
AT,2012-10-31,51.2
AT,2012-11-30,37.3
AT,2012-12-31,44.9
AT,2013-01-31,31.1
AT,2013-02-28,35.9
AT,2013-03-31,40.8
AT,2013-04-30,41.6
AT,2013-05-31,39.7
AT,2013-06-30,45.1
AT,2013-07-31,40.7
AT,2013-08-31,44.2
AT,2013-09-30,41.2
AT,2013-10-31,37.8
AT,2013-11-30,36.1
AT,2013-12-31,33.8
AT,2014-01-31,26.9
AT,2014-02-28,30.6
AT,2014-03-31,25.7
AT,2014-04-30,24.3
AT,2014-05-31,19.7
AT,2014-06-30,31.0
AT,2014-07-31,24.8
AT,2014-08-31,24.2
AT,2014-09-30,21.0
AT,2014-10-31,19.0
AT,2014-11-30,14.1
AT,2014-12-31,17.1
AT,2015-01-31,9.5
AT,2015-02-28,6.6
AT,2015-03-31,13.8
AT,2015-04-30,13.1
AT,2015-05-31,15.2
AT,2015-06-30,38.64
AT,2015-07-31,26.45
AT,2015-08-31,27.71
AT,2015-09-30,30.82
AT,2015-10-31,28.5
AT,2015-11-30,25.98
AT,2015-12-31,26.32
AT,2016-01-31,25.73
AT,2016-02-29,28.02
AT,2016-03-31,20.57
AT,2016-04-30,23.04
AT,2016-05-31,18.35
AT,2016-06-30,34.8
AT,2016-07-31,17.5
AT,2016-08-31,19.2
AT,2016-09-30,22.0
AT,2016-10-31,18.5
AT,2016-11-30,26.0
AT,2016-12-31,21.9
AT,2017-01-31,25.2
AT,2017-02-28,22.5
AT,2017-03-31,21.1
AT,2017-04-30,28.1
AT,2017-05-31,28.5
AT,2017-06-30,24.1
AT,2017-07-31,17.9
AT,2017-08-31,20.7
AT,2017-09-30,17.4
AT,2017-10-31,17.7
AT,2017-11-30,14.6
AT,2017-12-31,16.4
AT,2018-01-31,11.8
AT,2018-02-28,24.2
AT,2018-03-31,20.35
AT,2018-04-30,19.9
AT,2018-05-31,35.38
AT,2018-06-30,27.0
AT,2018-07-31,18.3
AT,2018-08-31,22.0
AT,2018-09-30,21.0
AT,2018-10-31,22.4
AT,2018-11-30,25.1
AT,2018-12-31,25.2
AT,2019-01-31,21.6
AT,2019-02-28,35.2
AT,2019-03-31,30.8
AT,2019-04-30,29.3
AT,2019-05-31,32.5
AT,2019-06-30,27.2
AT,2019-07-31,21.7
AT,2019-08-31,27.3
AT,2019-09-30,25.0
AT,2019-10-31,23.2
AT,2019-11-30,22.9
AT,2019-12-31,21.3
AT,2020-01-31,18.0
AT,2020-02-29,24.3
AT,2020-03-31,48.0
AT,2020-04-30,43.6
AT,2020-05-31,33.7
AT,2020-06-30,24.6
AT,2020-07-31,22.2
AT,2020-08-31,17.4
AT,2020-09-30,17.5
AT,2020-10-31,19.4
AT,2020-11-30,15.5
AT,2020-12-31,14.8
AT,2021-01-31,13.9
AT,2021-02-28,23.4
AT,2021-03-31,23.7
AT,2021-04-30,23.7
AT,2021-05-31,23.8
AT,2021-06-30,20.7
AT,2021-07-31,24.7
AT,2021-08-31,22.6
AT,2021-09-30,22.9
AT,2021-10-31,25.4
AT,2021-11-30,25.8
AT,2021-12-31,28.14
AT,2022-01-31,24.4
AT,2022-02-28,36.9
AT,2022-03-31,45.3
AT,2022-04-30,50.2
AT,2022-05-31,55.7
AT,2022-06-30,56.9
AT,2022-07-31,52.9
AT,2022-08-31,63.6
AT,2022-09-30,70.7
AT,2022-10-31,67.2
AT,2022-11-30,58.8
AT,2022-12-31,64.1
AT,2023-01-31,63.7
AT,2023-02-28,65.2
AT,2023-03-31,62.5
AT,2023-04-30,67.1
AT,2023-05-31,70.1
AT,2023-06-30,64.7
AT,2023-07-31,64.8
AT,2023-08-31,58.8
AT,2023-09-30,62.8
AT,2023-10-31,64.1
AT,2023-11-30,57.1
AT,2023-12-31,56.7
AT,2024-01-31,54.2
AT,2024-02-29,48.6
AT,2024-03-31,52.05
AT,2024-04-30,46.55
AT,2024-05-31,50.4
AT,2024-06-30,57.6
AT,2024-07-31,49.9
AT,2024-08-31,52.0
AT,2024-09-30,51.5
AT,2024-10-31,47.8
AT,2024-11-30,42.95
AT,2024-12-31,39.75
AT,2025-01-31,35.35
AT,2025-02-28,43.5
AT,2025-03-31,41.5
AT,2025-04-30,44.4
AT,2025-05-31,38.0
AT,2025-06-30,39.5
AT,2025-07-31,32.4
AT,2025-08-31,32.49
AT,2025-09-30,29.95
AT,2025-10-31,29.78
AT,2025-11-17,26.92
AT,2025-11-18,28.53
BE,1995-06-30,67.06
BE,1995-07-31,53.7
BE,1995-08-31,53.88
BE,1995-09-30,53.34
BE,1995-10-31,52.92
BE,1995-11-30,55.83
BE,1995-12-31,67.49
BE,1996-01-31,45.0
BE,1996-02-29,45.7
BE,1996-03-31,33.3
BE,1996-04-30,28.2
BE,1996-05-31,20.6
BE,1996-06-30,17.0
BE,1996-07-31,40.8
BE,1996-08-31,26.5
BE,1996-09-30,15.4
BE,1996-10-31,12.0
BE,1996-11-30,15.4
BE,1996-12-31,6.1
BE,1997-01-31,2.9
BE,1997-02-28,16.0
BE,1997-03-31,8.1
BE,1997-04-30,13.4
BE,1997-05-31,9.3
BE,1997-06-30,11.0
BE,1997-07-31,9.6
BE,1997-08-31,9.0
BE,1997-09-30,8.4
BE,1997-10-31,15.1
BE,1997-11-30,13.2
BE,1997-12-31,12.1
BE,1998-01-31,14.6
BE,1998-02-28,13.3
BE,1998-03-31,14.3
BE,1998-04-30,14.1
BE,1998-05-31,13.5
BE,1998-06-30,16.9
BE,1998-07-31,14.6
BE,1998-08-31,33.7
BE,1998-09-30,26.7
BE,1998-10-31,18.6
BE,1998-11-30,23.8
BE,1998-12-31,19.7
BE,1999-01-31,25.8
BE,1999-02-28,23.6
BE,1999-03-31,27.3
BE,1999-04-30,34.5
BE,1999-05-31,28.5
BE,1999-06-30,29.4
BE,1999-07-31,27.2
BE,1999-08-31,35.3
BE,1999-09-30,23.7
BE,1999-10-31,26.1
BE,1999-11-30,18.3
BE,1999-12-31,23.4
BE,2000-01-31,26.52
BE,2000-02-29,28.47
BE,2000-03-31,27.84
BE,2000-04-30,27.44
BE,2000-05-31,37.52
BE,2000-06-30,33.68
BE,2000-07-31,30.24
BE,2000-08-31,34.89
BE,2000-09-30,35.56
BE,2000-10-31,33.51
BE,2000-11-30,35.81
BE,2000-12-31,35.37
BE,2001-01-31,34.83
BE,2001-02-28,35.96
BE,2001-03-31,38.78
BE,2001-04-30,34.66
BE,2001-05-31,31.88
BE,2001-06-30,32.75
BE,2001-07-31,30.48
BE,2001-08-31,27.54
BE,2001-09-30,22.99
BE,2001-10-31,28.79
BE,2001-11-30,27.25
BE,2001-12-31,19.5
BE,2002-01-31,22.41
BE,2002-02-28,21.73
BE,2002-03-31,23.04
BE,2002-04-30,22.23
BE,2002-05-31,21.93
BE,2002-06-30,24.25
BE,2002-07-31,21.74
BE,2002-08-31,19.24
BE,2002-09-30,20.5
BE,2002-10-31,12.82
BE,2002-11-30,11.68
BE,2002-12-31,11.28
BE,2003-01-31,17.24
BE,2003-02-28,14.55
BE,2003-03-31,13.6
BE,2003-04-30,11.39
BE,2003-05-31,13.69
BE,2003-06-30,9.9
BE,2003-07-31,8.14
BE,2003-08-31,4.63
BE,2003-09-30,6.72
BE,2003-10-31,2.55
BE,2003-11-30,5.09
BE,2003-12-31,5.66
BE,2004-01-31,16.39
BE,2004-02-29,13.6
BE,2004-03-31,16.0
BE,2004-04-30,11.2
BE,2004-05-31,8.8
BE,2004-06-30,8.7
BE,2004-07-31,8.1
BE,2004-08-31,8.7
BE,2004-09-30,10.5
BE,2004-10-31,8.2
BE,2004-11-30,0.8
BE,2004-12-31,0.4
BE,2005-01-31,-0.2
BE,2005-02-28,-1.0
BE,2005-03-31,8.5
BE,2005-04-30,10.5
BE,2005-05-31,7.8
BE,2005-06-30,5.2
BE,2005-07-31,7.9
BE,2005-08-31,6.1
BE,2005-09-30,3.6
BE,2005-10-31,3.9
BE,2005-11-30,2.2
BE,2005-12-31,5.1
BE,2006-01-31,3.7
BE,2006-02-28,5.7
BE,2006-03-31,5.5
BE,2006-04-30,4.6
BE,2006-05-31,3.0
BE,2006-06-30,1.0
BE,2006-07-31,2.6
BE,2006-08-31,2.4
BE,2006-09-30,2.1
BE,2006-10-31,3.6
BE,2006-11-30,7.1
BE,2006-12-31,5.1
BE,2007-01-31,5.4
BE,2007-02-28,7.8
BE,2007-03-31,6.7
BE,2007-04-30,6.7
BE,2007-05-31,7.2
BE,2007-06-30,9.1
BE,2007-07-31,16.2
BE,2007-08-31,17.4
BE,2007-09-30,14.8
BE,2007-10-31,14.2
BE,2007-11-30,20.2
BE,2007-12-31,10.5
BE,2008-01-31,28.7
BE,2008-02-29,30.4
BE,2008-03-31,40.3
BE,2008-04-30,29.8
BE,2008-05-31,26.5
BE,2008-06-30,34.7
BE,2008-07-31,36.6
BE,2008-08-31,37.9
BE,2008-09-30,62.2
BE,2008-10-31,73.0
BE,2008-11-30,71.9
BE,2008-12-31,82.4
BE,2009-01-31,110.1
BE,2009-02-28,108.3
BE,2009-03-31,94.2
BE,2009-04-30,68.7
BE,2009-05-31,60.5
BE,2009-06-30,57.6
BE,2009-07-31,43.6
BE,2009-08-31,44.6
BE,2009-09-30,43.3
BE,2009-10-31,41.3
BE,2009-11-30,41.0
BE,2009-12-31,32.8
BE,2010-01-31,57.6
BE,2010-02-28,55.6
BE,2010-03-31,44.8
BE,2010-04-30,45.5
BE,2010-05-31,51.8
BE,2010-06-30,89.4
BE,2010-07-31,63.2
BE,2010-08-31,71.7
BE,2010-09-30,86.6
BE,2010-10-31,81.3
BE,2010-11-30,136.6
BE,2010-12-31,102.2
BE,2011-01-31,110.4
BE,2011-02-28,111.4
BE,2011-03-31,94.7
BE,2011-04-30,99.8
BE,2011-05-31,116.2
BE,2011-06-30,109.3
BE,2011-07-31,183.5
BE,2011-08-31,182.2
BE,2011-09-30,176.1
BE,2011-10-31,237.8
BE,2011-11-30,275.6
BE,2011-12-31,230.4
BE,2012-01-31,203.8
BE,2012-02-29,190.0
BE,2012-03-31,175.4
BE,2012-04-30,176.8
BE,2012-05-31,186.0
BE,2012-06-30,161.4
BE,2012-07-31,134.9
BE,2012-08-31,122.4
BE,2012-09-30,110.2
BE,2012-10-31,96.4
BE,2012-11-30,78.3
BE,2012-12-31,74.6
BE,2013-01-31,82.6
BE,2013-02-28,89.6
BE,2013-03-31,95.0
BE,2013-04-30,74.5
BE,2013-05-31,72.5
BE,2013-06-30,90.5
BE,2013-07-31,85.0
BE,2013-08-31,88.7
BE,2013-09-30,78.7
BE,2013-10-31,72.8
BE,2013-11-30,64.9
BE,2013-12-31,61.9
BE,2014-01-31,49.8
BE,2014-02-28,71.2
BE,2014-03-31,64.6
BE,2014-04-30,60.7
BE,2014-05-31,53.4
BE,2014-06-30,45.0
BE,2014-07-31,38.2
BE,2014-08-31,33.6
BE,2014-09-30,27.1
BE,2014-10-31,26.1
BE,2014-11-30,22.2
BE,2014-12-31,28.3
BE,2015-01-31,29.9
BE,2015-02-28,23.6
BE,2015-03-31,26.2
BE,2015-04-30,26.9
BE,2015-05-31,32.1
BE,2015-06-30,44.5
BE,2015-07-31,30.7
BE,2015-08-31,35.0
BE,2015-09-30,31.6
BE,2015-10-31,28.6
BE,2015-11-30,31.0
BE,2015-12-31,34.3
BE,2016-01-31,28.1
BE,2016-02-29,33.5
BE,2016-03-31,22.6
BE,2016-04-30,40.6
BE,2016-05-31,38.6
BE,2016-06-30,38.4
BE,2016-07-31,23.7
BE,2016-08-31,23.9
BE,2016-09-30,28.4
BE,2016-10-31,23.0
BE,2016-11-30,35.6
BE,2016-12-31,32.8
BE,2017-01-31,55.0
BE,2017-02-28,49.9
BE,2017-03-31,51.6
BE,2017-04-30,46.0
BE,2017-05-31,35.3
BE,2017-06-30,33.7
BE,2017-07-31,29.4
BE,2017-08-31,30.2
BE,2017-09-30,27.2
BE,2017-10-31,24.3
BE,2017-11-30,19.6
BE,2017-12-31,21.2
BE,2018-01-31,15.4
BE,2018-02-28,28.4
BE,2018-03-31,26.83
BE,2018-04-30,25.4
BE,2018-05-31,39.7
BE,2018-06-30,38.7
BE,2018-07-31,31.2
BE,2018-08-31,37.2
BE,2018-09-30,36.0
BE,2018-10-31,39.3
BE,2018-11-30,45.6
BE,2018-12-31,52.3
BE,2019-01-31,57.5
BE,2019-02-28,50.5
BE,2019-03-31,48.0
BE,2019-04-30,43.3
BE,2019-05-31,48.9
BE,2019-06-30,39.3
BE,2019-07-31,31.9
BE,2019-08-31,35.7
BE,2019-09-30,31.8
BE,2019-10-31,30.3
BE,2019-11-30,29.6
BE,2019-12-31,28.4
BE,2020-01-31,24.6
BE,2020-02-29,38.9
BE,2020-03-31,53.9
BE,2020-04-30,56.7
BE,2020-05-31,43.7
BE,2020-06-30,32.7
BE,2020-07-31,31.1
BE,2020-08-31,25.5
BE,2020-09-30,23.5
BE,2020-10-31,24.4
BE,2020-11-30,19.9
BE,2020-12-31,19.1
BE,2021-01-31,18.6
BE,2021-02-28,30.4
BE,2021-03-31,31.0
BE,2021-04-30,33.5
BE,2021-05-31,32.8
BE,2021-06-30,31.6
BE,2021-07-31,34.6
BE,2021-08-31,33.1
BE,2021-09-30,32.4
BE,2021-10-31,34.6
BE,2021-11-30,34.2
BE,2021-12-31,35.7
BE,2022-01-31,33.8
BE,2022-02-28,50.8
BE,2022-03-31,47.7
BE,2022-04-30,57.7
BE,2022-05-31,60.3
BE,2022-06-30,68.4
BE,2022-07-31,59.3
BE,2022-08-31,64.0
BE,2022-09-30,66.5
BE,2022-10-31,59.5
BE,2022-11-30,53.6
BE,2022-12-31,63.2
BE,2023-01-31,65.5
BE,2023-02-28,66.3
BE,2023-03-31,66.3
BE,2023-04-30,68.8
BE,2023-05-31,68.9
BE,2023-06-30,66.2
BE,2023-07-31,66.9
BE,2023-08-31,62.0
BE,2023-09-30,65.5
BE,2023-10-31,65.1
BE,2023-11-30,61.5
BE,2023-12-31,66.0
BE,2024-01-31,59.9
BE,2024-02-29,56.6
BE,2024-03-31,58.55
BE,2024-04-30,51.85
BE,2024-05-31,55.7
BE,2024-06-30,65.1
BE,2024-07-31,59.0
BE,2024-08-31,59.5
BE,2024-09-30,62.5
BE,2024-10-31,59.0
BE,2024-11-30,59.05
BE,2024-12-31,60.85
BE,2025-01-31,60.15
BE,2025-02-28,59.9
BE,2025-03-31,56.2
BE,2025-04-30,59.1
BE,2025-05-31,51.7
BE,2025-06-30,56.15
BE,2025-07-31,52.1
BE,2025-08-31,57.84
BE,2025-09-30,55.12
BE,2025-10-31,53.12
BE,2025-11-17,51.4
BE,2025-11-18,53.73
ES,1995-06-30,485.76
ES,1995-07-31,446.8
ES,1995-08-31,432.28
ES,1995-09-30,439.74
ES,1995-10-31,446.52
ES,1995-11-30,416.03
ES,1995-12-31,368.69
ES,1996-01-31,362.4
ES,1996-02-29,319.2
ES,1996-03-31,327.5
ES,1996-04-30,278.0
ES,1996-05-31,260.6
ES,1996-06-30,230.3
ES,1996-07-31,257.9
ES,1996-08-31,247.5
ES,1996-09-30,177.3
ES,1996-10-31,184.7
ES,1996-11-30,144.8
ES,1996-12-31,106.1
ES,1997-01-31,91.2
ES,1997-02-28,128.7
ES,1997-03-31,126.1
ES,1997-04-30,103.6
ES,1997-05-31,78.0
ES,1997-06-30,69.6
ES,1997-07-31,56.7
ES,1997-08-31,61.6
ES,1997-09-30,38.8
ES,1997-10-31,42.0
ES,1997-11-30,37.3
ES,1997-12-31,28.1
ES,1998-01-31,26.7
ES,1998-02-28,20.7
ES,1998-03-31,17.6
ES,1998-04-30,22.4
ES,1998-05-31,21.5
ES,1998-06-30,22.4
ES,1998-07-31,20.4
ES,1998-08-31,45.1
ES,1998-09-30,45.1
ES,1998-10-31,34.4
ES,1998-11-30,29.8
ES,1998-12-31,12.7
ES,1999-01-31,25.5
ES,1999-02-28,23.9
ES,1999-03-31,28.6
ES,1999-04-30,25.6
ES,1999-05-31,28.1
ES,1999-06-30,28.0
ES,1999-07-31,18.5
ES,1999-08-31,27.6
ES,1999-09-30,23.1
ES,1999-10-31,31.7
ES,1999-11-30,19.5
ES,1999-12-31,17.9
ES,2000-01-31,21.2
ES,2000-02-29,21.9
ES,2000-03-31,22.7
ES,2000-04-30,22.6
ES,2000-05-31,33.3
ES,2000-06-30,28.7
ES,2000-07-31,26.8
ES,2000-08-31,29.9
ES,2000-09-30,30.0
ES,2000-10-31,26.0
ES,2000-11-30,36.4
ES,2000-12-31,29.2
ES,2001-01-31,26.0
ES,2001-02-28,35.3
ES,2001-03-31,36.3
ES,2001-04-30,35.7
ES,2001-05-31,31.4
ES,2001-06-30,32.2
ES,2001-07-31,31.2
ES,2001-08-31,29.5
ES,2001-09-30,26.9
ES,2001-10-31,32.7
ES,2001-11-30,30.3
ES,2001-12-31,13.3
ES,2002-01-31,19.11
ES,2002-02-28,18.93
ES,2002-03-31,17.14
ES,2002-04-30,16.53
ES,2002-05-31,14.73
ES,2002-06-30,16.65
ES,2002-07-31,18.84
ES,2002-08-31,18.74
ES,2002-09-30,17.8
ES,2002-10-31,11.42
ES,2002-11-30,7.18
ES,2002-12-31,8.58
ES,2003-01-31,5.24
ES,2003-02-28,3.45
ES,2003-03-31,0.7
ES,2003-04-30,0.49
ES,2003-05-31,1.49
ES,2003-06-30,-5.1
ES,2003-07-31,-7.56
ES,2003-08-31,3.23
ES,2003-09-30,-0.38
ES,2003-10-31,-1.55
ES,2003-11-30,-0.21
ES,2003-12-31,-1.24
ES,2004-01-31,-1.31
ES,2004-02-29,-5.4
ES,2004-03-31,-1.8
ES,2004-04-30,-4.2
ES,2004-05-31,-4.0
ES,2004-06-30,-8.8
ES,2004-07-31,-4.0
ES,2004-08-31,-3.0
ES,2004-09-30,4.1
ES,2004-10-31,1.2
ES,2004-11-30,-8.1
ES,2004-12-31,2.5
ES,2005-01-31,1.9
ES,2005-02-28,3.3
ES,2005-03-31,-2.9
ES,2005-04-30,3.7
ES,2005-05-31,-6.9
ES,2005-06-30,-7.7
ES,2005-07-31,1.8
ES,2005-08-31,-7.3
ES,2005-09-30,-1.8
ES,2005-10-31,-4.7
ES,2005-11-30,2.1
ES,2005-12-31,2.6
ES,2006-01-31,3.1
ES,2006-02-28,-1.8
ES,2006-03-31,2.1
ES,2006-04-30,-0.7
ES,2006-05-31,6.4
ES,2006-06-30,0.2
ES,2006-07-31,-0.2
ES,2006-08-31,-5.3
ES,2006-09-30,3.3
ES,2006-10-31,-0.2
ES,2006-11-30,3.6
ES,2006-12-31,5.1
ES,2007-01-31,5.1
ES,2007-02-28,8.4
ES,2007-03-31,4.0
ES,2007-04-30,-2.7
ES,2007-05-31,7.0
ES,2007-06-30,6.7
ES,2007-07-31,7.5
ES,2007-08-31,14.6
ES,2007-09-30,7.2
ES,2007-10-31,22.6
ES,2007-11-30,19.6
ES,2007-12-31,3.6
ES,2008-01-31,8.4
ES,2008-02-29,15.8
ES,2008-03-31,32.2
ES,2008-04-30,27.9
ES,2008-05-31,16.0
ES,2008-06-30,27.4
ES,2008-07-31,32.2
ES,2008-08-31,36.5
ES,2008-09-30,58.5
ES,2008-10-31,67.2
ES,2008-11-30,64.7
ES,2008-12-31,86.1
ES,2009-01-31,108.6
ES,2009-02-28,115.8
ES,2009-03-31,106.2
ES,2009-04-30,77.2
ES,2009-05-31,82.1
ES,2009-06-30,75.8
ES,2009-07-31,54.7
ES,2009-08-31,53.6
ES,2009-09-30,57.1
ES,2009-10-31,59.1
ES,2009-11-30,59.4
ES,2009-12-31,54.2
ES,2010-01-31,94.6
ES,2010-02-28,77.7
ES,2010-03-31,72.1
ES,2010-04-30,102.2
ES,2010-05-31,164.3
ES,2010-06-30,202.2
ES,2010-07-31,156.0
ES,2010-08-31,194.0
ES,2010-09-30,187.2
ES,2010-10-31,169.7
ES,2010-11-30,290.0
ES,2010-12-31,249.1
ES,2011-01-31,221.5
ES,2011-02-28,220.7
ES,2011-03-31,193.5
ES,2011-04-30,205.4
ES,2011-05-31,234.4
ES,2011-06-30,243.1
ES,2011-07-31,359.3
ES,2011-08-31,283.5
ES,2011-09-30,327.4
ES,2011-10-31,351.3
ES,2011-11-30,397.9
ES,2011-12-31,328.4
ES,2012-01-31,322.1
ES,2012-02-29,314.6
ES,2012-03-31,355.5
ES,2012-04-30,411.6
ES,2012-05-31,537.1
ES,2012-06-30,491.5
ES,2012-07-31,548.8
ES,2012-08-31,539.3
ES,2012-09-30,454.3
ES,2012-10-31,415.1
ES,2012-11-30,395.6
ES,2012-12-31,400.7
ES,2013-01-31,353.7
ES,2013-02-28,365.5
ES,2013-03-31,379.0
ES,2013-04-30,292.3
ES,2013-05-31,291.8
ES,2013-06-30,303.6
ES,2013-07-31,298.7
ES,2013-08-31,267.5
ES,2013-09-30,254.2
ES,2013-10-31,237.1
ES,2013-11-30,243.4
ES,2013-12-31,220.4
ES,2014-01-31,201.8
ES,2014-02-28,188.7
ES,2014-03-31,166.8
ES,2014-04-30,155.5
ES,2014-05-31,150.3
ES,2014-06-30,141.9
ES,2014-07-31,134.5
ES,2014-08-31,134.0
ES,2014-09-30,122.5
ES,2014-10-31,125.8
ES,2014-11-30,120.7
ES,2014-12-31,106.9
ES,2015-01-31,114.6
ES,2015-02-28,93.3
ES,2015-03-31,104.5
ES,2015-04-30,113.7
ES,2015-05-31,135.4
ES,2015-06-30,153.9
ES,2015-07-31,119.2
ES,2015-08-31,132.2
ES,2015-09-30,130.7
ES,2015-10-31,114.9
ES,2015-11-30,105.0
ES,2015-12-31,114.7
ES,2016-01-31,117.9
ES,2016-02-29,142.3
ES,2016-03-31,128.0
ES,2016-04-30,131.3
ES,2016-05-31,132.9
ES,2016-06-30,125.3
ES,2016-07-31,114.1
ES,2016-08-31,107.5
ES,2016-09-30,99.6
ES,2016-10-31,103.6
ES,2016-11-30,127.5
ES,2016-12-31,118.7
ES,2017-01-31,115.7
ES,2017-02-28,145.5
ES,2017-03-31,132.7
ES,2017-04-30,132.1
ES,2017-05-31,124.6
ES,2017-06-30,106.0
ES,2017-07-31,96.0
ES,2017-08-31,108.2
ES,2017-09-30,114.9
ES,2017-10-31,109.6
ES,2017-11-30,107.3
ES,2017-12-31,114.6
ES,2018-01-31,72.5
ES,2018-02-28,87.4
ES,2018-03-31,66.18
ES,2018-04-30,71.5
ES,2018-05-31,113.9
ES,2018-06-30,102.2
ES,2018-07-31,97.1
ES,2018-08-31,115.5
ES,2018-09-30,103.3
ES,2018-10-31,118.4
ES,2018-11-30,120.3
ES,2018-12-31,117.6
ES,2019-01-31,104.5
ES,2019-02-28,99.5
ES,2019-03-31,118.5
ES,2019-04-30,99.4
ES,2019-05-31,91.7
ES,2019-06-30,72.0
ES,2019-07-31,72.5
ES,2019-08-31,85.8
ES,2019-09-30,71.9
ES,2019-10-31,65.3
ES,2019-11-30,78.5
ES,2019-12-31,65.6
ES,2020-01-31,67.2
ES,2020-02-29,91.1
ES,2020-03-31,113.9
ES,2020-04-30,131.9
ES,2020-05-31,101.6
ES,2020-06-30,93.2
ES,2020-07-31,87.6
ES,2020-08-31,80.7
ES,2020-09-30,77.0
ES,2020-10-31,76.1
ES,2020-11-30,65.6
ES,2020-12-31,63.0
ES,2021-01-31,61.7
ES,2021-02-28,69.2
ES,2021-03-31,63.6
ES,2021-04-30,67.6
ES,2021-05-31,65.7
ES,2021-06-30,62.4
ES,2021-07-31,73.0
ES,2021-08-31,72.6
ES,2021-09-30,65.6
ES,2021-10-31,71.8
ES,2021-11-30,75.6
ES,2021-12-31,77.4
ES,2022-01-31,74.4
ES,2022-02-28,97.6
ES,2022-03-31,89.0
ES,2022-04-30,104.3
ES,2022-05-31,109.5
ES,2022-06-30,109.5
ES,2022-07-31,109.9
ES,2022-08-31,120.1
ES,2022-09-30,118.9
ES,2022-10-31,109.8
ES,2022-11-30,100.3
ES,2022-12-31,109.5
ES,2023-01-31,105.0
ES,2023-02-28,104.4
ES,2023-03-31,99.6
ES,2023-04-30,104.4
ES,2023-05-31,106.9
ES,2023-06-30,99.2
ES,2023-07-31,104.5
ES,2023-08-31,100.6
ES,2023-09-30,111.1
ES,2023-10-31,107.9
ES,2023-11-30,102.7
ES,2023-12-31,96.2
ES,2024-01-31,92.8
ES,2024-02-29,87.7
ES,2024-03-31,86.05
ES,2024-04-30,76.15
ES,2024-05-31,74.4
ES,2024-06-30,92.6
ES,2024-07-31,81.5
ES,2024-08-31,83.3
ES,2024-09-30,80.4
ES,2024-10-31,71.0
ES,2024-11-30,70.0
ES,2024-12-31,70.45
ES,2025-01-31,66.1
ES,2025-02-28,69.75
ES,2025-03-31,63.6
ES,2025-04-30,67.2
ES,2025-05-31,58.85
ES,2025-06-30,63.0
ES,2025-07-31,58.4
ES,2025-08-31,60.78
ES,2025-09-30,54.6
ES,2025-10-31,50.41
ES,2025-11-17,49.29
ES,2025-11-18,50.43
FI,1995-06-30,197.76
FI,1995-07-31,187.8
FI,1995-08-31,141.28
FI,1995-09-30,143.74
FI,1995-10-31,140.52
FI,1995-11-30,109.03
FI,1995-12-31,112.69
FI,1996-01-31,126.4
FI,1996-02-29,151.2
FI,1996-03-31,121.5
FI,1996-04-30,100.0
FI,1996-05-31,71.6
FI,1996-06-30,43.3
FI,1996-07-31,73.9
FI,1996-08-31,74.5
FI,1996-09-30,58.3
FI,1996-10-31,57.7
FI,1996-11-30,64.8
FI,1996-12-31,39.1
FI,1997-01-31,29.2
FI,1997-02-28,38.7
FI,1997-03-31,43.1
FI,1997-04-30,44.6
FI,1997-05-31,29.0
FI,1997-06-30,30.0
FI,1997-07-31,19.7
FI,1997-08-31,23.6
FI,1997-09-30,14.8
FI,1997-10-31,21.0
FI,1997-11-30,30.3
FI,1997-12-31,18.1
FI,1998-01-31,18.5
FI,1998-02-28,13.6
FI,1998-03-31,12.6
FI,1998-04-30,16.4
FI,1998-05-31,12.5
FI,1998-06-30,15.4
FI,1998-07-31,12.4
FI,1998-08-31,55.1
FI,1998-09-30,45.1
FI,1998-10-31,43.4
FI,1998-11-30,31.8
FI,1998-12-31,17.7
FI,1999-01-31,23.5
FI,1999-02-28,22.9
FI,1999-03-31,23.6
FI,1999-04-30,26.0
FI,1999-05-31,21.7
FI,1999-06-30,25.0
FI,1999-07-31,23.5
FI,1999-08-31,28.6
FI,1999-09-30,18.1
FI,1999-10-31,23.7
FI,1999-11-30,13.5
FI,1999-12-31,17.9
FI,2000-01-31,16.2
FI,2000-02-29,20.9
FI,2000-03-31,13.7
FI,2000-04-30,15.6
FI,2000-05-31,20.9
FI,2000-06-30,21.0
FI,2000-07-31,19.8
FI,2000-08-31,22.1
FI,2000-09-30,21.6
FI,2000-10-31,23.3
FI,2000-11-30,20.5
FI,2000-12-31,22.5
FI,2001-01-31,21.3
FI,2001-02-28,24.1
FI,2001-03-31,25.2
FI,2001-04-30,24.9
FI,2001-05-31,22.0
FI,2001-06-30,23.4
FI,2001-07-31,22.0
FI,2001-08-31,21.5
FI,2001-09-30,22.0
FI,2001-10-31,23.8
FI,2001-11-30,24.7
FI,2001-12-31,20.0
FI,2002-01-31,17.21
FI,2002-02-28,17.43
FI,2002-03-31,16.14
FI,2002-04-30,22.13
FI,2002-05-31,20.43
FI,2002-06-30,23.05
FI,2002-07-31,22.14
FI,2002-08-31,21.44
FI,2002-09-30,20.2
FI,2002-10-31,13.82
FI,2002-11-30,14.28
FI,2002-12-31,8.28
FI,2003-01-31,10.14
FI,2003-02-28,6.15
FI,2003-03-31,6.9
FI,2003-04-30,5.19
FI,2003-05-31,7.69
FI,2003-06-30,5.9
FI,2003-07-31,2.34
FI,2003-08-31,-1.37
FI,2003-09-30,1.02
FI,2003-10-31,-1.55
FI,2003-11-30,-0.11
FI,2003-12-31,-2.24
FI,2004-01-31,-2.31
FI,2004-02-29,-6.5
FI,2004-03-31,-4.1
FI,2004-04-30,-7.7
FI,2004-05-31,17.0
FI,2004-06-30,6.2
FI,2004-07-31,3.3
FI,2004-08-31,4.9
FI,2004-09-30,11.7
FI,2004-10-31,9.8
FI,2004-11-30,0.4
FI,2004-12-31,1.1
FI,2005-01-31,0.2
FI,2005-02-28,0.9
FI,2005-03-31,-5.0
FI,2005-04-30,0.8
FI,2005-05-31,-10.0
FI,2005-06-30,-11.5
FI,2005-07-31,-1.7
FI,2005-08-31,-10.2
FI,2005-09-30,-4.8
FI,2005-10-31,-7.8
FI,2005-11-30,-8.3
FI,2005-12-31,-5.9
FI,2006-01-31,-2.9
FI,2006-02-28,-8.2
FI,2006-03-31,-3.7
FI,2006-04-30,-5.1
FI,2006-05-31,10.5
FI,2006-06-30,5.2
FI,2006-07-31,3.7
FI,2006-08-31,-0.9
FI,2006-09-30,7.0
FI,2006-10-31,-0.5
FI,2006-11-30,1.6
FI,2006-12-31,4.6
FI,2007-01-31,3.3
FI,2007-02-28,6.4
FI,2007-03-31,5.0
FI,2007-04-30,-3.8
FI,2007-05-31,6.5
FI,2007-06-30,6.2
FI,2007-07-31,6.7
FI,2007-08-31,12.2
FI,2007-09-30,6.8
FI,2007-10-31,21.3
FI,2007-11-30,15.3
FI,2007-12-31,4.5
FI,2008-01-31,2.9
FI,2008-02-29,-2.4
FI,2008-03-31,15.7
FI,2008-04-30,30.2
FI,2008-05-31,20.5
FI,2008-06-30,25.8
FI,2008-07-31,24.9
FI,2008-08-31,29.3
FI,2008-09-30,35.8
FI,2008-10-31,53.9
FI,2008-11-30,52.8
FI,2008-12-31,53.1
FI,2009-01-31,77.6
FI,2009-02-28,80.8
FI,2009-03-31,75.6
FI,2009-04-30,53.9
FI,2009-05-31,43.9
FI,2009-06-30,42.2
FI,2009-07-31,32.1
FI,2009-08-31,32.5
FI,2009-09-30,30.3
FI,2009-10-31,29.7
FI,2009-11-30,26.0
FI,2009-12-31,16.2
FI,2010-01-31,23.9
FI,2010-02-28,15.1
FI,2010-03-31,24.6
FI,2010-04-30,21.7
FI,2010-05-31,22.7
FI,2010-06-30,31.8
FI,2010-07-31,21.5
FI,2010-08-31,27.2
FI,2010-09-30,25.3
FI,2010-10-31,22.1
FI,2010-11-30,29.2
FI,2010-12-31,20.1
FI,2011-01-31,19.3
FI,2011-02-28,20.0
FI,2011-03-31,21.7
FI,2011-04-30,17.2
FI,2011-05-31,28.5
FI,2011-06-30,31.0
FI,2011-07-31,39.3
FI,2011-08-31,44.6
FI,2011-09-30,45.6
FI,2011-10-31,44.1
FI,2011-11-30,56.1
FI,2011-12-31,49.5
FI,2012-01-31,45.6
FI,2012-02-29,42.6
FI,2012-03-31,48.8
FI,2012-04-30,41.3
FI,2012-05-31,28.2
FI,2012-06-30,32.7
FI,2012-07-31,14.7
FI,2012-08-31,12.4
FI,2012-09-30,32.1
FI,2012-10-31,24.1
FI,2012-11-30,27.5
FI,2012-12-31,20.5
FI,2013-01-31,19.1
FI,2013-02-28,21.2
FI,2013-03-31,27.0
FI,2013-04-30,26.6
FI,2013-05-31,23.1
FI,2013-06-30,29.1
FI,2013-07-31,25.4
FI,2013-08-31,27.9
FI,2013-09-30,22.6
FI,2013-10-31,20.7
FI,2013-11-30,20.8
FI,2013-12-31,20.9
FI,2014-01-31,11.8
FI,2014-02-28,29.7
FI,2014-03-31,30.0
FI,2014-04-30,29.2
FI,2014-05-31,25.0
FI,2014-06-30,19.4
FI,2014-07-31,12.9
FI,2014-08-31,16.3
FI,2014-09-30,11.0
FI,2014-10-31,11.3
FI,2014-11-30,7.4
FI,2014-12-31,10.9
FI,2015-01-31,3.1
FI,2015-02-28,12.8
FI,2015-03-31,14.1
FI,2015-04-30,11.2
FI,2015-05-31,15.0
FI,2015-06-30,23.8
FI,2015-07-31,15.6
FI,2015-08-31,18.0
FI,2015-09-30,28.0
FI,2015-10-31,25.5
FI,2015-11-30,25.2
FI,2015-12-31,19.66
FI,2016-01-31,24.6
FI,2016-02-29,31.3
FI,2016-03-31,28.5
FI,2016-04-30,29.8
FI,2016-05-31,27.0
FI,2016-06-30,28.4
FI,2016-07-31,14.4
FI,2016-08-31,13.4
FI,2016-09-30,14.5
FI,2016-10-31,12.9
FI,2016-11-30,18.7
FI,2016-12-31,14.9
FI,2017-01-31,18.2
FI,2017-02-28,14.6
FI,2017-03-31,11.6
FI,2017-04-30,8.8
FI,2017-05-31,5.2
FI,2017-06-30,3.7
FI,2017-07-31,0.2
FI,2017-08-31,-0.9
FI,2017-09-30,16.1
FI,2017-10-31,15.3
FI,2017-11-30,15.0
FI,2017-12-31,17.9
FI,2018-01-31,11.8
FI,2018-02-28,11.7
FI,2018-03-31,10.21
FI,2018-04-30,14.5
FI,2018-05-31,26.7
FI,2018-06-30,23.6
FI,2018-07-31,15.6
FI,2018-08-31,18.9
FI,2018-09-30,25.2
FI,2018-10-31,26.1
FI,2018-11-30,28.6
FI,2018-12-31,30.0
FI,2019-01-31,25.5
FI,2019-02-28,25.8
FI,2019-03-31,33.8
FI,2019-04-30,32.0
FI,2019-05-31,35.0
FI,2019-06-30,29.9
FI,2019-07-31,23.9
FI,2019-08-31,28.6
FI,2019-09-30,26.6
FI,2019-10-31,24.0
FI,2019-11-30,24.3
FI,2019-12-31,23.5
FI,2020-01-31,20.2
FI,2020-02-29,26.4
FI,2020-03-31,43.4
FI,2020-04-30,41.7
FI,2020-05-31,27.8
FI,2020-06-30,20.7
FI,2020-07-31,19.4
FI,2020-08-31,13.2
FI,2020-09-30,20.0
FI,2020-10-31,20.4
FI,2020-11-30,19.7
FI,2020-12-31,16.7
FI,2021-01-31,18.1
FI,2021-02-28,19.9
FI,2021-03-31,18.5
FI,2021-04-30,20.3
FI,2021-05-31,19.0
FI,2021-06-30,16.8
FI,2021-07-31,17.8
FI,2021-08-31,17.1
FI,2021-09-30,16.2
FI,2021-10-31,25.2
FI,2021-11-30,26.3
FI,2021-12-31,27.0
FI,2022-01-31,25.3
FI,2022-02-28,38.5
FI,2022-03-31,34.6
FI,2022-04-30,41.5
FI,2022-05-31,44.6
FI,2022-06-30,45.4
FI,2022-07-31,39.6
FI,2022-08-31,46.3
FI,2022-09-30,68.3
FI,2022-10-31,64.6
FI,2022-11-30,58.6
FI,2022-12-31,53.3
FI,2023-01-31,54.9
FI,2023-02-28,55.0
FI,2023-03-31,55.1
FI,2023-04-30,59.5
FI,2023-05-31,59.8
FI,2023-06-30,57.1
FI,2023-07-31,59.3
FI,2023-08-31,55.5
FI,2023-09-30,60.3
FI,2023-10-31,61.9
FI,2023-11-30,57.2
FI,2023-12-31,55.3
FI,2024-01-31,50.1
FI,2024-02-29,46.1
FI,2024-03-31,48.65
FI,2024-04-30,43.25
FI,2024-05-31,47.1
FI,2024-06-30,54.9
FI,2024-07-31,48.5
FI,2024-08-31,44.9
FI,2024-09-30,46.6
FI,2024-10-31,43.05
FI,2024-11-30,41.95
FI,2024-12-31,39.75
FI,2025-01-31,34.7
FI,2025-02-28,29.75
FI,2025-03-31,27.3
FI,2025-04-30,31.1
FI,2025-05-31,44.4
FI,2025-06-30,43.4
FI,2025-07-31,39.1
FI,2025-08-31,39.58
FI,2025-09-30,38.3
FI,2025-10-31,35.91
FI,2025-11-17,34.39
FI,2025-11-18,34.73
FR,1995-06-30,72.06
FR,1995-07-31,66.8
FR,1995-08-31,69.68
FR,1995-09-30,87.54
FR,1995-10-31,85.82
FR,1995-11-30,76.53
FR,1995-12-31,67.89
FR,1996-01-31,47.9
FR,1996-02-29,31.5
FR,1996-03-31,16.3
FR,1996-04-30,5.4
FR,1996-05-31,-0.5
FR,1996-06-30,-10.8
FR,1996-07-31,4.0
FR,1996-08-31,12.5
FR,1996-09-30,2.3
FR,1996-10-31,-2.0
FR,1996-11-30,-3.0
FR,1996-12-31,1.7
FR,1997-01-31,-19.8
FR,1997-02-28,-7.6
FR,1997-03-31,-17.9
FR,1997-04-30,-6.1
FR,1997-05-31,-13.1
FR,1997-06-30,-8.3
FR,1997-07-31,-9.4
FR,1997-08-31,-9.0
FR,1997-09-30,-4.0
FR,1997-10-31,2.4
FR,1997-11-30,0.4
FR,1997-12-31,-2.2
FR,1998-01-31,5.0
FR,1998-02-28,4.0
FR,1998-03-31,6.6
FR,1998-04-30,13.4
FR,1998-05-31,5.4
FR,1998-06-30,6.5
FR,1998-07-31,5.2
FR,1998-08-31,12.4
FR,1998-09-30,11.7
FR,1998-10-31,14.1
FR,1998-11-30,8.7
FR,1998-12-31,3.7
FR,1999-01-31,9.5
FR,1999-02-28,9.9
FR,1999-03-31,11.6
FR,1999-04-30,12.6
FR,1999-05-31,13.1
FR,1999-06-30,8.0
FR,1999-07-31,3.5
FR,1999-08-31,-0.4
FR,1999-09-30,2.1
FR,1999-10-31,15.7
FR,1999-11-30,12.5
FR,1999-12-31,12.9
FR,2000-01-31,12.2
FR,2000-02-29,16.9
FR,2000-03-31,14.7
FR,2000-04-30,2.6
FR,2000-05-31,29.3
FR,2000-06-30,12.7
FR,2000-07-31,19.8
FR,2000-08-31,23.9
FR,2000-09-30,16.0
FR,2000-10-31,19.0
FR,2000-11-30,19.4
FR,2000-12-31,14.2
FR,2001-01-31,13.0
FR,2001-02-28,14.3
FR,2001-03-31,16.3
FR,2001-04-30,16.7
FR,2001-05-31,13.4
FR,2001-06-30,14.2
FR,2001-07-31,12.2
FR,2001-08-31,12.5
FR,2001-09-30,9.9
FR,2001-10-31,11.7
FR,2001-11-30,10.3
FR,2001-12-31,7.4
FR,2002-01-31,9.11
FR,2002-02-28,8.93
FR,2002-03-31,9.24
FR,2002-04-30,7.53
FR,2002-05-31,7.73
FR,2002-06-30,8.65
FR,2002-07-31,7.84
FR,2002-08-31,8.74
FR,2002-09-30,6.8
FR,2002-10-31,9.42
FR,2002-11-30,6.98
FR,2002-12-31,5.68
FR,2003-01-31,5.24
FR,2003-02-28,6.45
FR,2003-03-31,3.7
FR,2003-04-30,3.49
FR,2003-05-31,10.49
FR,2003-06-30,4.9
FR,2003-07-31,-0.56
FR,2003-08-31,1.23
FR,2003-09-30,-1.38
FR,2003-10-31,-2.55
FR,2003-11-30,-3.21
FR,2003-12-31,0.76
FR,2004-01-31,2.19
FR,2004-02-29,-2.5
FR,2004-03-31,6.4
FR,2004-04-30,2.5
FR,2004-05-31,8.1
FR,2004-06-30,-2.2
FR,2004-07-31,-4.0
FR,2004-08-31,-3.8
FR,2004-09-30,8.6
FR,2004-10-31,6.4
FR,2004-11-30,-3.2
FR,2004-12-31,-0.7
FR,2005-01-31,-0.5
FR,2005-02-28,5.0
FR,2005-03-31,-1.5
FR,2005-04-30,5.8
FR,2005-05-31,-4.6
FR,2005-06-30,-6.2
FR,2005-07-31,7.5
FR,2005-08-31,-0.3
FR,2005-09-30,4.1
FR,2005-10-31,1.0
FR,2005-11-30,0.3
FR,2005-12-31,2.0
FR,2006-01-31,2.9
FR,2006-02-28,-0.9
FR,2006-03-31,3.3
FR,2006-04-30,0.9
FR,2006-05-31,7.2
FR,2006-06-30,1.6
FR,2006-07-31,0.7
FR,2006-08-31,-4.8
FR,2006-09-30,3.5
FR,2006-10-31,-3.4
FR,2006-11-30,0.4
FR,2006-12-31,4.1
FR,2007-01-31,4.0
FR,2007-02-28,8.4
FR,2007-03-31,6.3
FR,2007-04-30,-3.2
FR,2007-05-31,6.4
FR,2007-06-30,4.7
FR,2007-07-31,6.5
FR,2007-08-31,11.8
FR,2007-09-30,10.2
FR,2007-10-31,21.5
FR,2007-11-30,16.5
FR,2007-12-31,5.2
FR,2008-01-31,4.6
FR,2008-02-29,0.0
FR,2008-03-31,21.9
FR,2008-04-30,21.0
FR,2008-05-31,15.2
FR,2008-06-30,19.7
FR,2008-07-31,18.0
FR,2008-08-31,20.1
FR,2008-09-30,34.7
FR,2008-10-31,37.5
FR,2008-11-30,46.0
FR,2008-12-31,38.1
FR,2009-01-31,48.8
FR,2009-02-28,53.1
FR,2009-03-31,63.5
FR,2009-04-30,43.3
FR,2009-05-31,37.8
FR,2009-06-30,35.5
FR,2009-07-31,28.8
FR,2009-08-31,30.0
FR,2009-09-30,29.6
FR,2009-10-31,31.6
FR,2009-11-30,26.7
FR,2009-12-31,21.6
FR,2010-01-31,28.0
FR,2010-02-28,32.3
FR,2010-03-31,34.0
FR,2010-04-30,27.3
FR,2010-05-31,26.1
FR,2010-06-30,51.9
FR,2010-07-31,28.7
FR,2010-08-31,34.9
FR,2010-09-30,40.3
FR,2010-10-31,41.9
FR,2010-11-30,47.9
FR,2010-12-31,40.1
FR,2011-01-31,37.6
FR,2011-02-28,37.4
FR,2011-03-31,35.0
FR,2011-04-30,35.8
FR,2011-05-31,39.6
FR,2011-06-30,47.9
FR,2011-07-31,69.5
FR,2011-08-31,67.2
FR,2011-09-30,71.6
FR,2011-10-31,109.0
FR,2011-11-30,110.6
FR,2011-12-31,133.6
FR,2012-01-31,125.7
FR,2012-02-29,118.2
FR,2012-03-31,108.6
FR,2012-04-30,132.3
FR,2012-05-31,113.1
FR,2012-06-30,108.9
FR,2012-07-31,82.1
FR,2012-08-31,81.3
FR,2012-09-30,76.1
FR,2012-10-31,77.8
FR,2012-11-30,68.2
FR,2012-12-31,68.9
FR,2013-01-31,58.5
FR,2013-02-28,71.4
FR,2013-03-31,74.5
FR,2013-04-30,49.9
FR,2013-05-31,56.3
FR,2013-06-30,61.9
FR,2013-07-31,56.6
FR,2013-08-31,60.8
FR,2013-09-30,54.3
FR,2013-10-31,56.1
FR,2013-11-30,53.8
FR,2013-12-31,49.1
FR,2014-01-31,58.1
FR,2014-02-28,57.4
FR,2014-03-31,52.1
FR,2014-04-30,49.8
FR,2014-05-31,41.1
FR,2014-06-30,34.4
FR,2014-07-31,38.1
FR,2014-08-31,36.8
FR,2014-09-30,34.7
FR,2014-10-31,34.2
FR,2014-11-30,27.0
FR,2014-12-31,29.6
FR,2015-01-31,24.4
FR,2015-02-28,20.3
FR,2015-03-31,29.2
FR,2015-04-30,28.5
FR,2015-05-31,32.4
FR,2015-06-30,43.0
FR,2015-07-31,29.2
FR,2015-08-31,32.2
FR,2015-09-30,31.1
FR,2015-10-31,36.4
FR,2015-11-30,32.13
FR,2015-12-31,35.9
FR,2016-01-31,32.04
FR,2016-02-29,35.65
FR,2016-03-31,25.52
FR,2016-04-30,37.07
FR,2016-05-31,33.93
FR,2016-06-30,32.78
FR,2016-07-31,23.19
FR,2016-08-31,22.33
FR,2016-09-30,23.59
FR,2016-10-31,31.5
FR,2016-11-30,45.6
FR,2016-12-31,47.8
FR,2017-01-31,59.1
FR,2017-02-28,67.6
FR,2017-03-31,63.5
FR,2017-04-30,43.6
FR,2017-05-31,41.96
FR,2017-06-30,35.14
FR,2017-07-31,27.31
FR,2017-08-31,30.12
FR,2017-09-30,28.64
FR,2017-10-31,39.48
FR,2017-11-30,30.84
FR,2017-12-31,36.1
FR,2018-01-31,28.13
FR,2018-02-28,27.2
FR,2018-03-31,22.7
FR,2018-04-30,23.79
FR,2018-05-31,33.42
FR,2018-06-30,36.5
FR,2018-07-31,29.28
FR,2018-08-31,35.87
FR,2018-09-30,33.91
FR,2018-10-31,36.7
FR,2018-11-30,36.92
FR,2018-12-31,46.4
FR,2019-01-31,40.14
FR,2019-02-28,38.83
FR,2019-03-31,39.11
FR,2019-04-30,35.98
FR,2019-05-31,41.24
FR,2019-06-30,31.99
FR,2019-07-31,25.3
FR,2019-08-31,29.76
FR,2019-09-30,29.68
FR,2019-10-31,30.4
FR,2019-11-30,30.5
FR,2019-12-31,30.9
FR,2020-01-31,25.9
FR,2020-02-29,32.5
FR,2020-03-31,45.8
FR,2020-04-30,48.4
FR,2020-05-31,37.2
FR,2020-06-30,34.44
FR,2020-07-31,33.54
FR,2020-08-31,30.75
FR,2020-09-30,27.76
FR,2020-10-31,28.39
FR,2020-11-30,24.92
FR,2020-12-31,23.39
FR,2021-01-31,24.28
FR,2021-02-28,25.39
FR,2021-03-31,24.94
FR,2021-04-30,35.6
FR,2021-05-31,35.5
FR,2021-06-30,33.4
FR,2021-07-31,35.6
FR,2021-08-31,35.2
FR,2021-09-30,35.0
FR,2021-10-31,37.6
FR,2021-11-30,35.6
FR,2021-12-31,37.3
FR,2022-01-31,41.3
FR,2022-02-28,46.0
FR,2022-03-31,43.1
FR,2022-04-30,52.5
FR,2022-05-31,52.0
FR,2022-06-30,59.0
FR,2022-07-31,55.8
FR,2022-08-31,61.5
FR,2022-09-30,61.0
FR,2022-10-31,52.8
FR,2022-11-30,46.1
FR,2022-12-31,55.1
FR,2023-01-31,47.6
FR,2023-02-28,48.5
FR,2023-03-31,48.6
FR,2023-04-30,57.2
FR,2023-05-31,57.9
FR,2023-06-30,54.3
FR,2023-07-31,55.9
FR,2023-08-31,51.0
FR,2023-09-30,57.7
FR,2023-10-31,62.3
FR,2023-11-30,57.9
FR,2023-12-31,52.9
FR,2024-01-31,50.0
FR,2024-02-29,47.6
FR,2024-03-31,50.85
FR,2024-04-30,48.82
FR,2024-05-31,49.98
FR,2024-06-30,80.3
FR,2024-07-31,71.1
FR,2024-08-31,72.2
FR,2024-09-30,79.3
FR,2024-10-31,74.3
FR,2024-11-30,80.5
FR,2024-12-31,83.45
FR,2025-01-31,74.15
FR,2025-02-28,75.35
FR,2025-03-31,71.7
FR,2025-04-30,72.6
FR,2025-05-31,65.65
FR,2025-06-30,69.2
FR,2025-07-31,65.5
FR,2025-08-31,79.01
FR,2025-09-30,82.35
FR,2025-10-31,78.39
FR,2025-11-17,73.71
FR,2025-11-18,75.03
GR,1998-03-31,309.6
GR,1998-04-30,291.4
GR,1998-05-31,290.5
GR,1998-06-30,302.4
GR,1998-07-31,281.4
GR,1998-08-31,420.1
GR,1998-09-30,443.1
GR,1998-10-31,386.4
GR,1998-11-30,357.8
GR,1998-12-31,305.7
GR,1999-01-31,248.6
GR,1999-02-28,205.0
GR,1999-03-31,204.0
GR,1999-04-30,199.4
GR,1999-05-31,172.1
GR,1999-06-30,171.4
GR,1999-07-31,173.6
GR,1999-08-31,167.3
GR,1999-09-30,162.1
GR,1999-10-31,202.4
GR,1999-11-30,135.4
GR,1999-12-31,102.9
GR,2000-01-31,101.4
GR,2000-02-29,93.9
GR,2000-03-31,97.9
GR,2000-04-30,81.7
GR,2000-05-31,99.9
GR,2000-06-30,85.7
GR,2000-07-31,83.5
GR,2000-08-31,78.5
GR,2000-09-30,80.0
GR,2000-10-31,72.6
GR,2000-11-30,69.9
GR,2000-12-31,59.4
GR,2001-01-31,57.2
GR,2001-02-28,57.4
GR,2001-03-31,59.9
GR,2001-04-30,53.4
GR,2001-05-31,46.9
GR,2001-06-30,46.6
GR,2001-07-31,48.2
GR,2001-08-31,45.2
GR,2001-09-30,42.3
GR,2001-10-31,48.1
GR,2001-11-30,43.6
GR,2001-12-31,28.3
GR,2002-01-31,40.51
GR,2002-02-28,36.33
GR,2002-03-31,33.54
GR,2002-04-30,32.73
GR,2002-05-31,26.43
GR,2002-06-30,30.95
GR,2002-07-31,40.44
GR,2002-08-31,31.64
GR,2002-09-30,34.7
GR,2002-10-31,32.52
GR,2002-11-30,25.78
GR,2002-12-31,24.08
GR,2003-01-31,26.94
GR,2003-02-28,29.65
GR,2003-03-31,26.6
GR,2003-04-30,26.09
GR,2003-05-31,15.29
GR,2003-06-30,17.1
GR,2003-07-31,3.04
GR,2003-08-31,12.03
GR,2003-09-30,17.62
GR,2003-10-31,13.25
GR,2003-11-30,7.79
GR,2003-12-31,13.26
GR,2004-01-31,22.39
GR,2004-02-29,18.2
GR,2004-03-31,25.2
GR,2004-04-30,22.5
GR,2004-05-31,21.9
GR,2004-06-30,17.6
GR,2004-07-31,16.1
GR,2004-08-31,17.6
GR,2004-09-30,23.2
GR,2004-10-31,18.7
GR,2004-11-30,8.7
GR,2004-12-31,11.8
GR,2005-01-31,9.1
GR,2005-02-28,20.3
GR,2005-03-31,16.7
GR,2005-04-30,28.5
GR,2005-05-31,18.1
GR,2005-06-30,18.1
GR,2005-07-31,24.3
GR,2005-08-31,16.4
GR,2005-09-30,21.3
GR,2005-10-31,18.5
GR,2005-11-30,18.5
GR,2005-12-31,23.0
GR,2006-01-31,31.1
GR,2006-02-28,25.3
GR,2006-03-31,30.4
GR,2006-04-30,30.1
GR,2006-05-31,37.1
GR,2006-06-30,32.2
GR,2006-07-31,31.1
GR,2006-08-31,25.7
GR,2006-09-30,32.4
GR,2006-10-31,22.0
GR,2006-11-30,25.3
GR,2006-12-31,27.9
GR,2007-01-31,26.9
GR,2007-02-28,28.6
GR,2007-03-31,24.4
GR,2007-04-30,17.7
GR,2007-05-31,23.7
GR,2007-06-30,24.9
GR,2007-07-31,34.2
GR,2007-08-31,36.5
GR,2007-09-30,26.8
GR,2007-10-31,40.6
GR,2007-11-30,39.0
GR,2007-12-31,26.0
GR,2008-01-31,28.6
GR,2008-02-29,34.3
GR,2008-03-31,55.8
GR,2008-04-30,46.2
GR,2008-05-31,52.5
GR,2008-06-30,66.9
GR,2008-07-31,64.9
GR,2008-08-31,69.9
GR,2008-09-30,93.1
GR,2008-10-31,155.1
GR,2008-11-30,156.1
GR,2008-12-31,225.2
GR,2009-01-31,250.1
GR,2009-02-28,250.6
GR,2009-03-31,273.9
GR,2009-04-30,216.3
GR,2009-05-31,192.4
GR,2009-06-30,168.9
GR,2009-07-31,123.5
GR,2009-08-31,127.9
GR,2009-09-30,129.5
GR,2009-10-31,145.8
GR,2009-11-30,183.9
GR,2009-12-31,237.6
GR,2010-01-31,370.1
GR,2010-02-28,343.9
GR,2010-03-31,342.2
GR,2010-04-30,610.6
GR,2010-05-31,512.7
GR,2010-06-30,800.0
GR,2010-07-31,769.4
GR,2010-08-31,938.8
GR,2010-09-30,829.2
GR,2010-10-31,822.0
GR,2010-11-30,938.6
GR,2010-12-31,959.5
GR,2011-01-31,821.8
GR,2011-02-28,882.6
GR,2011-03-31,948.2
GR,2011-04-30,1270.3
GR,2011-05-31,1323.5
GR,2011-06-30,1341.3
GR,2011-07-31,1238.1
GR,2011-08-31,1603.2
GR,2011-09-30,2077.4
GR,2011-10-31,2221.1
GR,2011-11-30,2658.7
GR,2011-12-31,3367.2
GR,2012-01-31,3250.9
GR,2012-02-29,3475.7
GR,2012-03-31,1918.3
GR,2012-04-30,1871.5
GR,2012-05-31,2995.0
GR,2012-06-30,2428.0
GR,2012-07-31,2434.1
GR,2012-08-31,2200.7
GR,2012-09-30,1831.8
GR,2012-10-31,1609.5
GR,2012-11-30,1478.9
GR,2012-12-31,1053.8
GR,2013-01-31,900.6
GR,2013-02-28,949.2
GR,2013-03-31,1119.5
GR,2013-04-30,984.5
GR,2013-05-31,796.3
GR,2013-06-30,928.7
GR,2013-07-31,835.3
GR,2013-08-31,845.0
GR,2013-09-30,792.3
GR,2013-10-31,672.8
GR,2013-11-30,723.1
GR,2013-12-31,663.3
GR,2014-01-31,704.5
GR,2014-02-28,532.6
GR,2014-03-31,499.9
GR,2014-04-30,468.5
GR,2014-05-31,494.4
GR,2014-06-30,472.8
GR,2014-07-31,489.1
GR,2014-08-31,500.8
GR,2014-09-30,561.3
GR,2014-10-31,725.2
GR,2014-11-30,762.8
GR,2014-12-31,906.0
GR,2015-01-31,1113.3
GR,2015-02-28,927.5
GR,2015-03-31,1141.4
GR,2015-04-30,1032.1
GR,2015-05-31,1068.6
GR,2015-06-30,1463.6
GR,2015-07-31,1143.6
GR,2015-08-31,856.0
GR,2015-09-30,786.5
GR,2015-10-31,742.2
GR,2015-11-30,702.8
GR,2015-12-31,775.9
GR,2016-01-31,935.3
GR,2016-02-29,1036.8
GR,2016-03-31,861.6
GR,2016-04-30,829.5
GR,2016-05-31,712.0
GR,2016-06-30,842.0
GR,2016-07-31,834.6
GR,2016-08-31,820.8
GR,2016-09-30,841.7
GR,2016-10-31,816.6
GR,2016-11-30,629.9
GR,2016-12-31,682.5
GR,2017-01-31,738.0
GR,2017-02-28,704.5
GR,2017-03-31,665.6
GR,2017-04-30,601.6
GR,2017-05-31,578.1
GR,2017-06-30,502.1
GR,2017-07-31,484.1
GR,2017-08-31,518.7
GR,2017-09-30,518.4
GR,2017-10-31,508.0
GR,2017-11-30,502.7
GR,2017-12-31,369.5
GR,2018-01-31,304.1
GR,2018-02-28,376.3
GR,2018-03-31,415.71
GR,2018-04-30,327.0
GR,2018-05-31,425.5
GR,2018-06-30,365.5
GR,2018-07-31,352.7
GR,2018-08-31,407.3
GR,2018-09-30,369.9
GR,2018-10-31,385.5
GR,2018-11-30,395.7
GR,2018-12-31,413.6
GR,2019-01-31,371.8
GR,2019-02-28,347.2
GR,2019-03-31,382.3
GR,2019-04-30,335.8
GR,2019-05-31,310.5
GR,2019-06-30,278.8
GR,2019-07-31,248.1
GR,2019-08-31,229.6
GR,2019-09-30,194.6
GR,2019-10-31,157.5
GR,2019-11-30,183.4
GR,2019-12-31,164.4
GR,2020-01-31,162.3
GR,2020-02-29,196.7
GR,2020-03-31,210.0
GR,2020-04-30,275.5
GR,2020-05-31,195.9
GR,2020-06-30,168.6
GR,2020-07-31,162.42
GR,2020-08-31,150.9
GR,2020-09-30,154.2
GR,2020-10-31,156.8
GR,2020-11-30,121.5
GR,2020-12-31,120.3
GR,2021-01-31,120.1
GR,2021-02-28,137.2
GR,2021-03-31,116.6
GR,2021-04-30,118.8
GR,2021-05-31,101.7
GR,2021-06-30,103.0
GR,2021-07-31,106.2
GR,2021-08-31,112.7
GR,2021-09-30,104.2
GR,2021-10-31,144.3
GR,2021-11-30,159.2
GR,2021-12-31,149.3
GR,2022-01-31,175.5
GR,2022-02-28,238.1
GR,2022-03-31,211.8
GR,2022-04-30,239.7
GR,2022-05-31,245.2
GR,2022-06-30,225.3
GR,2022-07-31,216.9
GR,2022-08-31,256.5
GR,2022-09-30,271.7
GR,2022-10-31,243.3
GR,2022-11-30,222.0
GR,2022-12-31,203.0
GR,2023-01-31,204.4
GR,2023-02-28,179.0
GR,2023-03-31,195.0
GR,2023-04-30,188.9
GR,2023-05-31,151.5
GR,2023-06-30,132.7
GR,2023-07-31,131.2
GR,2023-08-31,132.3
GR,2023-09-30,152.4
GR,2023-10-31,135.3
GR,2023-11-30,125.7
GR,2023-12-31,104.7
GR,2024-01-31,107.8
GR,2024-02-29,98.3
GR,2024-03-31,94.45
GR,2024-04-30,85.75
GR,2024-05-31,100.7
GR,2024-06-30,124.9
GR,2024-07-31,104.9
GR,2024-08-31,104.2
GR,2024-09-30,99.2
GR,2024-10-31,92.85
GR,2024-11-30,84.3
GR,2024-12-31,85.65
GR,2025-01-31,86.1
GR,2025-02-28,89.65
GR,2025-03-31,84.6
GR,2025-04-30,89.9
GR,2025-05-31,74.2
GR,2025-06-30,68.4
GR,2025-07-31,70.3
GR,2025-08-31,71.08
GR,2025-09-30,69.5
GR,2025-10-31,65.11
GR,2025-11-17,62.99
GR,2025-11-18,64.93
HR,2020-11-30,132.6
HR,2020-12-31,129.0
HR,2021-01-31,113.9
HR,2021-02-28,101.1
HR,2021-03-31,103.1
HR,2021-04-30,75.9
HR,2021-05-31,76.5
HR,2021-06-30,79.7
HR,2021-07-31,101.2
HR,2021-08-31,87.0
HR,2021-09-30,66.1
HR,2021-10-31,58.3
HR,2021-11-30,90.0
HR,2021-12-31,80.7
HR,2022-01-31,98.0
HR,2022-02-28,170.6
HR,2022-03-31,152.9
HR,2022-04-30,184.6
HR,2022-05-31,186.6
HR,2022-06-30,205.8
HR,2022-07-31,206.0
HR,2022-08-31,137.6
HR,2022-09-30,188.0
HR,2022-10-31,189.7
HR,2022-11-30,155.5
HR,2022-12-31,120.9
HR,2023-01-31,146.4
HR,2023-02-28,139.0
HR,2023-03-31,153.5
HR,2023-04-30,155.9
HR,2023-05-31,151.1
HR,2023-06-30,134.5
HR,2023-07-31,132.6
HR,2023-08-31,149.8
HR,2023-09-30,110.9
HR,2023-10-31,130.5
HR,2023-11-30,126.9
HR,2023-12-31,127.6
HR,2024-01-31,114.3
HR,2024-02-29,90.8
HR,2024-03-31,102.85
HR,2024-04-30,73.15
HR,2024-05-31,63.7
HR,2024-06-30,88.9
HR,2024-07-31,99.2
HR,2024-08-31,115.4
HR,2024-09-30,110.7
HR,2024-10-31,85.35
HR,2024-11-30,115.6
HR,2024-12-31,56.55
HR,2025-01-31,64.6
HR,2025-02-28,73.35
HR,2025-03-31,39.6
HR,2025-04-30,76.2
HR,2025-05-31,55.6
HR,2025-06-30,55.2
HR,2025-07-31,45.2
HR,2025-08-31,41.98
HR,2025-09-30,35.4
HR,2025-10-31,42.61
IE,1995-06-30,186.76
IE,1995-07-31,173.8
IE,1995-08-31,157.28
IE,1995-09-30,162.74
IE,1995-10-31,157.52
IE,1995-11-30,142.03
IE,1995-12-31,147.69
IE,1996-01-31,143.4
IE,1996-02-29,152.2
IE,1996-03-31,162.5
IE,1996-04-30,111.0
IE,1996-05-31,117.6
IE,1996-06-30,89.3
IE,1996-07-31,114.9
IE,1996-08-31,113.5
IE,1996-09-30,78.3
IE,1996-10-31,82.7
IE,1996-11-30,78.8
IE,1996-12-31,79.1
IE,1997-01-31,75.2
IE,1997-02-28,87.7
IE,1997-03-31,92.1
IE,1997-04-30,81.6
IE,1997-05-31,66.0
IE,1997-06-30,77.0
IE,1997-07-31,68.7
IE,1997-08-31,57.6
IE,1997-09-30,35.8
IE,1997-10-31,39.0
IE,1997-11-30,30.3
IE,1997-12-31,13.1
IE,1998-01-31,24.5
IE,1998-02-28,22.6
IE,1998-03-31,19.8
IE,1998-04-30,25.5
IE,1998-05-31,30.4
IE,1998-06-30,27.9
IE,1998-07-31,23.5
IE,1998-08-31,42.9
IE,1998-09-30,43.3
IE,1998-10-31,27.3
IE,1998-11-30,25.2
IE,1998-12-31,19.4
IE,1999-01-31,23.3
IE,1999-02-28,20.4
IE,1999-03-31,13.3
IE,1999-04-30,6.7
IE,1999-05-31,20.3
IE,1999-06-30,26.3
IE,1999-07-31,25.7
IE,1999-08-31,29.8
IE,1999-09-30,20.9
IE,1999-10-31,29.1
IE,1999-11-30,20.2
IE,1999-12-31,25.0
IE,2000-01-31,19.9
IE,2000-02-29,26.7
IE,2000-03-31,23.3
IE,2000-04-30,21.4
IE,2000-05-31,26.6
IE,2000-06-30,29.9
IE,2000-07-31,25.4
IE,2000-08-31,27.0
IE,2000-09-30,23.9
IE,2000-10-31,21.6
IE,2000-11-30,21.0
IE,2000-12-31,22.6
IE,2001-01-31,21.2
IE,2001-02-28,22.5
IE,2001-03-31,22.4
IE,2001-04-30,23.9
IE,2001-05-31,20.5
IE,2001-06-30,20.1
IE,2001-07-31,18.7
IE,2001-08-31,17.7
IE,2001-09-30,17.2
IE,2001-10-31,14.6
IE,2001-11-30,16.1
IE,2001-12-31,11.2
IE,2002-01-31,27.01
IE,2002-02-28,26.03
IE,2002-03-31,25.74
IE,2002-04-30,24.03
IE,2002-05-31,22.83
IE,2002-06-30,23.25
IE,2002-07-31,23.04
IE,2002-08-31,24.04
IE,2002-09-30,25.5
IE,2002-10-31,19.42
IE,2002-11-30,15.18
IE,2002-12-31,11.08
IE,2003-01-31,11.34
IE,2003-02-28,7.65
IE,2003-03-31,7.5
IE,2003-04-30,6.19
IE,2003-05-31,8.19
IE,2003-06-30,4.8
IE,2003-07-31,2.34
IE,2003-08-31,-0.87
IE,2003-09-30,0.62
IE,2003-10-31,-0.95
IE,2003-11-30,-0.41
IE,2003-12-31,-3.14
IE,2004-01-31,-3.71
IE,2004-02-29,-8.0
IE,2004-03-31,-5.4
IE,2004-04-30,-8.4
IE,2004-05-31,-1.8
IE,2004-06-30,-12.0
IE,2004-07-31,-14.0
IE,2004-08-31,-10.9
IE,2005-10-31,-9.1
IE,2005-11-30,2.9
IE,2005-12-31,0.6
IE,2006-01-31,2.5
IE,2006-02-28,-3.5
IE,2006-03-31,0.7
IE,2006-04-30,-1.6
IE,2006-05-31,3.7
IE,2006-06-30,-0.1
IE,2006-07-31,-0.8
IE,2006-08-31,-4.3
IE,2006-09-30,2.8
IE,2006-10-31,-4.2
IE,2006-11-30,-0.9
IE,2006-12-31,2.4
IE,2007-01-31,0.6
IE,2007-02-28,3.9
IE,2007-03-31,2.5
IE,2007-04-30,-5.2
IE,2007-05-31,4.9
IE,2007-06-30,4.5
IE,2007-07-31,9.6
IE,2007-08-31,12.3
IE,2007-09-30,5.9
IE,2007-10-31,22.7
IE,2007-11-30,30.4
IE,2007-12-31,16.2
IE,2008-01-31,15.2
IE,2008-02-29,14.8
IE,2008-03-31,38.6
IE,2008-04-30,43.4
IE,2008-05-31,34.3
IE,2008-06-30,44.2
IE,2008-07-31,35.3
IE,2008-08-31,46.3
IE,2008-09-30,68.1
IE,2008-10-31,107.8
IE,2008-11-30,104.9
IE,2008-12-31,148.9
IE,2009-01-31,228.0
IE,2009-02-28,259.8
IE,2009-03-31,247.4
IE,2009-04-30,207.7
IE,2009-05-31,185.8
IE,2009-06-30,233.2
IE,2009-07-31,167.3
IE,2009-08-31,155.1
IE,2009-09-30,149.2
IE,2009-10-31,148.7
IE,2009-11-30,168.2
IE,2009-12-31,148.9
IE,2010-01-31,156.5
IE,2010-02-28,144.6
IE,2010-03-31,140.2
IE,2010-04-30,216.6
IE,2010-05-31,224.7
IE,2010-06-30,299.8
IE,2010-07-31,240.5
IE,2010-08-31,363.7
IE,2010-09-30,447.6
IE,2010-10-31,447.7
IE,2010-11-30,689.5
IE,2010-12-31,628.1
IE,2011-01-31,599.5
IE,2011-02-28,619.5
IE,2011-03-31,689.1
IE,2011-04-30,748.0
IE,2011-05-31,807.2
IE,2011-06-30,884.3
IE,2011-07-31,848.0
IE,2011-08-31,646.5
IE,2011-09-30,593.9
IE,2011-10-31,624.3
IE,2011-11-30,715.5
IE,2011-12-31,670.6
IE,2012-01-31,544.7
IE,2012-02-29,516.4
IE,2012-03-31,513.9
IE,2012-04-30,523.5
IE,2012-05-31,621.2
IE,2012-06-30,480.5
IE,2012-07-31,478.8
IE,2012-08-31,460.8
IE,2012-09-30,387.0
IE,2012-10-31,337.1
IE,2012-11-30,314.2
IE,2012-12-31,322.8
IE,2013-01-31,242.3
IE,2013-02-28,231.8
IE,2013-03-31,294.2
IE,2013-04-30,234.2
IE,2013-05-31,222.8
IE,2013-06-30,239.7
IE,2013-07-31,222.4
IE,2013-08-31,234.3
IE,2013-09-30,211.4
IE,2013-10-31,182.6
IE,2013-11-30,185.1
IE,2013-12-31,152.5
IE,2014-01-31,165.4
IE,2014-02-28,148.8
IE,2014-03-31,144.6
IE,2014-04-30,134.9
IE,2014-05-31,126.1
IE,2014-06-30,111.1
IE,2014-07-31,105.7
IE,2014-08-31,89.9
IE,2014-09-30,72.0
IE,2014-10-31,88.7
IE,2014-11-30,68.8
IE,2014-12-31,70.2
IE,2015-01-31,82.9
IE,2015-02-28,55.2
IE,2015-03-31,57.2
IE,2015-04-30,56.4
IE,2015-05-31,69.3
IE,2015-06-30,87.1
IE,2015-07-31,56.1
IE,2015-08-31,65.7
IE,2015-09-30,64.8
IE,2015-10-31,59.5
IE,2015-11-30,52.35
IE,2015-12-31,51.35
IE,2016-01-31,50.83
IE,2016-02-29,69.65
IE,2016-03-31,57.8
IE,2016-04-30,70.6
IE,2016-05-31,62.5
IE,2016-06-30,66.3
IE,2016-07-31,54.7
IE,2016-08-31,48.4
IE,2016-09-30,44.4
IE,2016-10-31,48.0
IE,2016-11-30,60.6
IE,2016-12-31,55.8
IE,2017-01-31,74.1
IE,2017-02-28,67.6
IE,2017-03-31,66.2
IE,2017-04-30,53.4
IE,2017-05-31,46.7
IE,2017-06-30,41.5
IE,2017-07-31,30.8
IE,2017-08-31,32.3
IE,2017-09-30,27.3
IE,2017-10-31,20.9
IE,2017-11-30,20.2
IE,2017-12-31,24.8
IE,2018-01-31,44.6
IE,2018-02-28,41.7
IE,2018-03-31,41.5
IE,2018-04-30,40.5
IE,2018-05-31,61.2
IE,2018-06-30,52.4
IE,2018-07-31,46.2
IE,2018-08-31,53.8
IE,2018-09-30,52.4
IE,2018-10-31,59.9
IE,2018-11-30,62.3
IE,2018-12-31,66.0
IE,2019-01-31,72.1
IE,2019-02-28,63.3
IE,2019-03-31,63.4
IE,2019-04-30,54.9
IE,2019-05-31,63.1
IE,2019-06-30,49.8
IE,2019-07-31,53.8
IE,2019-08-31,62.4
IE,2019-09-30,53.6
IE,2019-10-31,41.1
IE,2019-11-30,41.9
IE,2019-12-31,30.7
IE,2020-01-31,29.1
IE,2020-02-29,45.3
IE,2020-03-31,55.4
IE,2020-04-30,67.5
IE,2020-05-31,52.9
IE,2020-06-30,47.2
IE,2020-07-31,42.6
IE,2020-08-31,36.2
IE,2020-09-30,38.1
IE,2020-10-31,37.7
IE,2020-11-30,31.8
IE,2020-12-31,27.1
IE,2021-01-31,32.3
IE,2021-02-28,36.5
IE,2021-03-31,37.2
IE,2021-04-30,38.5
IE,2021-05-31,39.5
IE,2021-06-30,38.0
IE,2021-07-31,41.5
IE,2021-08-31,41.2
IE,2021-09-30,39.4
IE,2021-10-31,43.8
IE,2021-11-30,45.1
IE,2021-12-31,42.8
IE,2022-01-31,50.4
IE,2022-02-28,58.8
IE,2022-03-31,51.0
IE,2022-04-30,67.9
IE,2022-05-31,57.6
IE,2022-06-30,62.3
IE,2022-07-31,62.2
IE,2022-08-31,66.4
IE,2022-09-30,59.5
IE,2022-10-31,46.4
IE,2022-11-30,44.4
IE,2022-12-31,58.4
IE,2023-01-31,48.0
IE,2023-02-28,48.1
IE,2023-03-31,43.2
IE,2023-04-30,41.0
IE,2023-05-31,48.7
IE,2023-06-30,43.8
IE,2023-07-31,42.9
IE,2023-08-31,37.0
IE,2023-09-30,42.1
IE,2023-10-31,44.7
IE,2023-11-30,39.9
IE,2023-12-31,35.5
IE,2024-01-31,44.2
IE,2024-02-29,42.8
IE,2024-03-31,44.95
IE,2024-04-30,38.25
IE,2024-05-31,40.8
IE,2024-06-30,48.2
IE,2024-07-31,39.5
IE,2024-08-31,38.4
IE,2024-09-30,35.1
IE,2024-10-31,31.1
IE,2024-11-30,30.6
IE,2024-12-31,26.45
IE,2025-01-31,27.4
IE,2025-02-28,27.05
IE,2025-03-31,31.8
IE,2025-04-30,35.2
IE,2025-05-31,27.0
IE,2025-06-30,31.6
IE,2025-07-31,22.7
IE,2025-08-31,25.41
IE,2025-09-30,24.8
IE,2025-10-31,23.49
IE,2025-11-17,20.86
IE,2025-11-18,22.03
IT,1995-06-30,573.16
IT,1995-07-31,533.9
IT,1995-08-31,508.28
IT,1995-09-30,534.24
IT,1995-10-31,544.32
IT,1995-11-30,536.03
IT,1995-12-31,485.29
IT,1996-01-31,433.7
IT,1996-02-29,418.3
IT,1996-03-31,442.1
IT,1996-04-30,348.9
IT,1996-05-31,315.1
IT,1996-06-30,281.5
IT,1996-07-31,312.7
IT,1996-08-31,321.7
IT,1996-09-30,251.5
IT,1996-10-31,215.7
IT,1996-11-30,189.5
IT,1996-12-31,177.2
IT,1997-01-31,146.5
IT,1997-02-28,196.6
IT,1997-03-31,200.6
IT,1997-04-30,178.9
IT,1997-05-31,141.33
IT,1997-06-30,117.89
IT,1997-07-31,96.31
IT,1997-08-31,101.25
IT,1997-09-30,66.89
IT,1997-10-31,68.9
IT,1997-11-30,50.59
IT,1997-12-31,28.66
IT,1998-01-31,40.5
IT,1998-02-28,39.65
IT,1998-03-31,28.51
IT,1998-04-30,26.12
IT,1998-05-31,28.15
IT,1998-06-30,29.99
IT,1998-07-31,24.24
IT,1998-08-31,55.49
IT,1998-09-30,48.54
IT,1998-10-31,39.41
IT,1998-11-30,25.68
IT,1998-12-31,17.32
IT,1999-01-31,32.5
IT,1999-03-31,27.6
IT,1999-04-30,29.6
IT,1999-05-31,21.1
IT,1999-06-30,35.0
IT,1999-07-31,20.5
IT,1999-08-31,44.6
IT,1999-09-30,28.1
IT,1999-10-31,57.7
IT,1999-11-30,10.5
IT,1999-12-31,25.9
IT,2000-01-31,18.2
IT,2000-02-29,22.9
IT,2000-03-31,49.5
IT,2000-04-30,26.6
IT,2000-05-31,56.3
IT,2000-06-30,41.7
IT,2000-07-31,33.8
IT,2000-08-31,33.9
IT,2000-09-30,39.0
IT,2000-10-31,35.0
IT,2000-11-30,57.7
IT,2000-12-31,37.2
IT,2001-01-31,43.0
IT,2001-02-28,40.3
IT,2001-03-31,44.3
IT,2001-04-30,17.7
IT,2001-05-31,26.4
IT,2001-06-30,26.2
IT,2001-07-31,39.2
IT,2001-08-31,39.5
IT,2001-09-30,43.9
IT,2001-10-31,39.7
IT,2001-11-30,33.3
IT,2001-12-31,24.4
IT,2002-01-31,25.71
IT,2002-02-28,27.73
IT,2002-03-31,26.14
IT,2002-04-30,21.03
IT,2002-05-31,18.73
IT,2002-06-30,18.65
IT,2002-07-31,33.84
IT,2002-08-31,21.84
IT,2002-09-30,21.8
IT,2002-10-31,23.52
IT,2002-11-30,20.88
IT,2002-12-31,22.38
IT,2003-01-31,23.24
IT,2003-02-28,17.15
IT,2003-03-31,17.1
IT,2003-04-30,14.59
IT,2003-05-31,15.59
IT,2003-06-30,16.5
IT,2003-07-31,15.64
IT,2003-08-31,11.83
IT,2003-09-30,14.92
IT,2003-10-31,11.45
IT,2003-11-30,10.79
IT,2003-12-31,13.96
IT,2004-01-31,12.69
IT,2004-02-29,8.7
IT,2004-03-31,22.5
IT,2004-04-30,17.8
IT,2004-05-31,23.9
IT,2004-06-30,13.2
IT,2004-07-31,12.3
IT,2004-08-31,13.2
IT,2004-09-30,19.3
IT,2004-10-31,16.1
IT,2004-11-30,10.8
IT,2004-12-31,14.3
IT,2005-01-31,11.9
IT,2005-02-28,13.5
IT,2005-03-31,8.7
IT,2005-04-30,17.8
IT,2005-05-31,14.7
IT,2005-06-30,15.0
IT,2005-07-31,23.0
IT,2005-08-31,14.8
IT,2005-09-30,20.1
IT,2005-10-31,18.1
IT,2005-11-30,17.1
IT,2005-12-31,22.0
IT,2006-01-31,23.5
IT,2006-02-28,17.4
IT,2006-03-31,28.3
IT,2006-04-30,29.2
IT,2006-05-31,36.5
IT,2006-06-30,31.7
IT,2006-07-31,28.6
IT,2006-08-31,23.1
IT,2006-09-30,31.0
IT,2006-10-31,20.1
IT,2006-11-30,24.4
IT,2006-12-31,27.3
IT,2007-01-31,21.7
IT,2007-02-28,27.6
IT,2007-03-31,22.0
IT,2007-04-30,15.3
IT,2007-05-31,22.2
IT,2007-06-30,23.9
IT,2007-07-31,28.7
IT,2007-08-31,31.2
IT,2007-09-30,23.5
IT,2007-10-31,38.3
IT,2007-11-30,39.9
IT,2007-12-31,31.2
IT,2008-01-31,29.6
IT,2008-02-29,32.1
IT,2008-03-31,51.9
IT,2008-04-30,45.1
IT,2008-05-31,41.2
IT,2008-06-30,59.9
IT,2008-07-31,60.9
IT,2008-08-31,64.9
IT,2008-09-30,88.2
IT,2008-10-31,123.8
IT,2008-11-30,119.4
IT,2008-12-31,142.7
IT,2009-01-31,139.1
IT,2009-02-28,154.0
IT,2009-03-31,139.3
IT,2009-04-30,111.2
IT,2009-05-31,104.6
IT,2009-06-30,106.7
IT,2009-07-31,86.7
IT,2009-08-31,81.9
IT,2009-09-30,78.0
IT,2009-10-31,72.3
IT,2009-11-30,86.1
IT,2009-12-31,60.2
IT,2010-01-31,91.9
IT,2010-02-28,90.8
IT,2010-03-31,77.4
IT,2010-04-30,96.5
IT,2010-05-31,150.0
IT,2010-06-30,154.0
IT,2010-07-31,128.2
IT,2010-08-31,164.2
IT,2010-09-30,158.9
IT,2010-10-31,137.4
IT,2010-11-30,200.7
IT,2010-12-31,189.1
IT,2011-01-31,156.0
IT,2011-02-28,166.1
IT,2011-03-31,146.3
IT,2011-04-30,149.7
IT,2011-05-31,175.9
IT,2011-06-30,186.2
IT,2011-07-31,337.0
IT,2011-08-31,290.8
IT,2011-09-30,365.9
IT,2011-10-31,407.6
IT,2011-11-30,479.8
IT,2011-12-31,521.9
IT,2012-01-31,415.9
IT,2012-02-29,335.8
IT,2012-03-31,331.5
IT,2012-04-30,385.0
IT,2012-05-31,481.3
IT,2012-06-30,418.0
IT,2012-07-31,479.3
IT,2012-08-31,449.5
IT,2012-09-30,374.1
IT,2012-10-31,347.8
IT,2012-11-30,313.9
IT,2012-12-31,322.5
IT,2013-01-31,262.2
IT,2013-02-28,330.6
IT,2013-03-31,345.8
IT,2013-04-30,268.2
IT,2013-05-31,263.1
IT,2013-06-30,281.1
IT,2013-07-31,273.7
IT,2013-08-31,252.4
IT,2013-09-30,281.2
IT,2013-10-31,246.4
IT,2013-11-30,235.8
IT,2013-12-31,214.5
IT,2014-01-31,212.7
IT,2014-02-28,185.2
IT,2014-03-31,173.1
IT,2014-04-30,160.9
IT,2014-05-31,161.0
IT,2014-06-30,148.7
IT,2014-07-31,153.1
IT,2014-08-31,154.7
IT,2014-09-30,141.9
IT,2014-10-31,153.1
IT,2014-11-30,134.4
IT,2014-12-31,133.8
IT,2015-01-31,136.0
IT,2015-02-28,101.8
IT,2015-03-31,106.8
IT,2015-04-30,115.9
IT,2015-05-31,136.7
IT,2015-06-30,153.3
IT,2015-07-31,113.6
IT,2015-08-31,114.2
IT,2015-09-30,113.8
IT,2015-10-31,97.5
IT,2015-11-30,95.19
IT,2015-12-31,96.5
IT,2016-01-31,109.87
IT,2016-02-29,129.82
IT,2016-03-31,107.08
IT,2016-04-30,122.44
IT,2016-05-31,122.07
IT,2016-06-30,140.03
IT,2016-07-31,128.8
IT,2016-08-31,121.1
IT,2016-09-30,130.6
IT,2016-10-31,151.0
IT,2016-11-30,171.0
IT,2016-12-31,161.2
IT,2017-01-31,182.2
IT,2017-02-28,187.9
IT,2017-03-31,198.2
IT,2017-04-30,195.4
IT,2017-05-31,189.9
IT,2017-06-30,168.5
IT,2017-07-31,156.0
IT,2017-08-31,167.9
IT,2017-09-30,171.0
IT,2017-10-31,146.2
IT,2017-11-30,136.5
IT,2017-12-31,157.4
IT,2018-01-31,132.8
IT,2018-02-28,140.6
IT,2018-03-31,129.3
IT,2018-04-30,119.4
IT,2018-05-31,249.3
IT,2018-06-30,238.0
IT,2018-07-31,229.7
IT,2018-08-31,290.7
IT,2018-09-30,266.9
IT,2018-10-31,305.0
IT,2018-11-30,290.3
IT,2018-12-31,252.7
IT,2019-01-31,243.6
IT,2019-02-28,257.4
IT,2019-03-31,256.0
IT,2019-04-30,255.1
IT,2019-05-31,286.4
IT,2019-06-30,241.6
IT,2019-07-31,198.3
IT,2019-08-31,174.0
IT,2019-09-30,139.8
IT,2019-10-31,142.9
IT,2019-11-30,169.2
IT,2019-12-31,161.4
IT,2020-01-31,136.6
IT,2020-02-29,173.9
IT,2020-03-31,199.1
IT,2020-04-30,236.3
IT,2020-05-31,193.8
IT,2020-06-30,178.7
IT,2020-07-31,161.0
IT,2020-08-31,155.5
IT,2020-09-30,139.0
IT,2020-10-31,134.2
IT,2020-11-30,115.7
IT,2020-12-31,109.6
IT,2021-01-31,115.9
IT,2021-02-28,103.0
IT,2021-03-31,96.6
IT,2021-04-30,105.9
IT,2021-05-31,109.89
IT,2021-06-30,102.73
IT,2021-07-31,108.47
IT,2021-08-31,109.15
IT,2021-09-30,105.75
IT,2021-10-31,123.47
IT,2021-11-30,132.3
IT,2021-12-31,136.4
IT,2022-01-31,135.7
IT,2022-02-28,158.5
IT,2022-03-31,148.8
IT,2022-04-30,183.7
IT,2022-05-31,200.0
IT,2022-06-30,202.5
IT,2022-07-31,232.1
IT,2022-08-31,235.3
IT,2022-09-30,239.6
IT,2022-10-31,214.9
IT,2022-11-30,192.9
IT,2022-12-31,214.2
IT,2023-01-31,199.6
IT,2023-02-28,183.9
IT,2023-03-31,178.8
IT,2023-04-30,186.3
IT,2023-05-31,182.4
IT,2023-06-30,168.1
IT,2023-07-31,163.7
IT,2023-08-31,165.3
IT,2023-09-30,196.2
IT,2023-10-31,191.9
IT,2023-11-30,178.8
IT,2023-12-31,167.0
IT,2024-01-31,156.6
IT,2024-02-29,143.6
IT,2024-03-31,136.45
IT,2024-04-30,128.85
IT,2024-05-31,134.0
IT,2024-06-30,157.9
IT,2024-07-31,135.1
IT,2024-08-31,140.1
IT,2024-09-30,133.3
IT,2024-10-31,127.05
IT,2024-11-30,118.5
IT,2024-12-31,116.05
IT,2025-01-31,109.3
IT,2025-02-28,108.7
IT,2025-03-31,113.1
IT,2025-04-30,113.6
IT,2025-05-31,97.5
IT,2025-06-30,90.8
IT,2025-07-31,84.3
IT,2025-08-31,89.28
IT,2025-09-30,85.23
IT,2025-10-31,74.69
IT,2025-11-17,73.34
IT,2025-11-18,74.83
LT,2003-01-31,36.64
LT,2003-02-28,145.45
LT,2003-03-31,141.7
LT,2003-04-30,153.49
LT,2004-02-29,-390.9
LT,2020-11-30,65.5
LT,2020-12-31,61.9
LT,2021-01-31,50.9
LT,2021-02-28,38.3
LT,2021-03-31,42.2
LT,2021-04-30,30.2
LT,2021-05-31,40.8
LT,2021-06-30,35.3
LT,2021-07-31,56.0
LT,2021-08-31,48.0
LT,2021-09-30,38.8
LT,2021-10-31,54.7
LT,2021-11-30,89.2
LT,2021-12-31,70.5
LT,2022-01-31,65.8
LT,2022-02-28,84.4
LT,2022-03-31,94.6
LT,2022-04-30,96.2
LT,2022-05-31,102.5
LT,2022-06-30,163.3
LT,2022-07-31,207.3
LT,2022-08-31,146.5
LT,2022-09-30,177.4
LT,2022-10-31,249.3
LT,2022-11-30,176.9
LT,2022-12-31,208.8
LT,2023-01-31,237.4
LT,2023-02-28,201.6
LT,2023-03-31,166.6
LT,2023-04-30,164.2
LT,2023-05-31,208.1
LT,2023-06-30,195.6
LT,2023-07-31,155.3
LT,2023-08-31,165.4
LT,2023-09-30,162.7
LT,2023-10-31,172.3
LT,2023-11-30,159.7
LT,2023-12-31,140.3
LT,2024-01-31,152.9
LT,2024-02-29,140.3
LT,2024-03-31,131.55
LT,2024-04-30,108.45
LT,2024-05-31,112.5
LT,2024-06-30,118.5
LT,2024-07-31,121.7
LT,2024-08-31,114.9
LT,2024-09-30,124.7
LT,2024-10-31,102.75
LT,2024-11-30,124.5
LT,2024-12-31,89.45
LT,2025-01-31,76.0
LT,2025-02-28,80.15
LT,2025-03-31,75.0
LT,2025-04-30,73.9
LT,2025-05-31,70.5
LT,2025-06-30,59.9
LT,2025-07-31,86.9
LT,2025-08-31,85.88
LT,2025-09-30,93.7
LT,2025-10-31,88.61
LT,2025-11-17,78.89
LT,2025-11-18,82.23
NL,1995-06-30,14.16
NL,1995-07-31,5.7
NL,1995-08-31,4.98
NL,1995-09-30,4.94
NL,1995-10-31,5.52
NL,1995-11-30,0.63
NL,1995-12-31,1.11
NL,1996-01-31,0.0
NL,1996-02-29,0.3
NL,1996-03-31,-0.3
NL,1996-04-30,-7.2
NL,1996-05-31,-12.7
NL,1996-06-30,-18.0
NL,1996-07-31,-4.4
NL,1996-08-31,-5.4
NL,1996-09-30,-14.1
NL,1996-10-31,-11.2
NL,1996-11-30,-6.3
NL,1996-12-31,-12.78
NL,1997-01-31,-22.1
NL,1997-02-28,-4.8
NL,1997-03-31,-7.5
NL,1997-04-30,-6.6
NL,1997-05-31,-13.5
NL,1997-06-30,-9.1
NL,1997-07-31,-6.1
NL,1997-08-31,-4.7
NL,1997-09-30,-2.9
NL,1997-10-31,-0.5
NL,1997-11-30,-1.6
NL,1997-12-31,-6.95
NL,1998-01-31,0.8
NL,1998-02-28,-0.6
NL,1998-03-31,2.7
NL,1998-04-30,8.85
NL,1998-05-31,3.7
NL,1998-06-30,5.8
NL,1998-07-31,3.8
NL,1998-08-31,15.9
NL,1998-09-30,11.4
NL,1998-10-31,9.2
NL,1998-11-30,10.7
NL,1998-12-31,8.0
NL,1999-01-31,12.0
NL,1999-02-28,12.7
NL,1999-03-31,15.0
NL,1999-04-30,19.6
NL,1999-05-31,15.6
NL,1999-06-30,18.1
NL,1999-07-31,14.6
NL,1999-08-31,20.0
NL,1999-09-30,9.6
NL,1999-10-31,16.3
NL,1999-11-30,8.4
NL,1999-12-31,13.1
NL,2000-01-31,10.3
NL,2000-02-29,17.2
NL,2000-03-31,14.7
NL,2000-04-30,15.4
NL,2000-05-31,15.9
NL,2000-06-30,15.3
NL,2000-07-31,14.5
NL,2000-08-31,16.0
NL,2000-09-30,13.7
NL,2000-10-31,12.3
NL,2000-11-30,11.4
NL,2000-12-31,12.2
NL,2001-01-31,13.4
NL,2001-02-28,13.9
NL,2001-03-31,16.3
NL,2001-04-30,16.1
NL,2001-05-31,14.0
NL,2001-06-30,15.8
NL,2001-07-31,14.3
NL,2001-08-31,16.0
NL,2001-09-30,16.2
NL,2001-10-31,14.3
NL,2001-11-30,15.4
NL,2001-12-31,10.9
NL,2002-01-31,11.01
NL,2002-02-28,13.23
NL,2002-03-31,14.64
NL,2002-04-30,14.43
NL,2002-05-31,14.03
NL,2002-06-30,14.35
NL,2002-07-31,11.84
NL,2002-08-31,11.74
NL,2002-09-30,11.2
NL,2002-10-31,5.42
NL,2002-11-30,5.18
NL,2002-12-31,2.08
NL,2003-01-31,1.94
NL,2003-02-28,8.95
NL,2003-03-31,7.7
NL,2003-04-30,6.79
NL,2003-05-31,9.19
NL,2003-06-30,6.6
NL,2003-07-31,3.74
NL,2003-08-31,-0.07
NL,2003-09-30,2.52
NL,2003-10-31,0.25
NL,2003-11-30,1.69
NL,2003-12-31,-0.54
NL,2004-01-31,-0.71
NL,2004-02-29,-4.8
NL,2004-03-31,10.0
NL,2004-04-30,5.0
NL,2004-05-31,11.2
NL,2004-06-30,1.5
NL,2004-07-31,-0.4
NL,2004-08-31,0.2
NL,2004-09-30,8.4
NL,2004-10-31,5.6
NL,2004-11-30,-4.8
NL,2004-12-31,-2.3
NL,2005-01-31,-1.9
NL,2005-02-28,-0.5
NL,2005-03-31,-7.2
NL,2005-04-30,-1.7
NL,2005-05-31,-12.6
NL,2005-06-30,-3.2
NL,2005-07-31,6.3
NL,2005-08-31,-2.2
NL,2005-09-30,2.2
NL,2005-10-31,-0.1
NL,2005-11-30,-1.7
NL,2005-12-31,-0.4
NL,2006-01-31,1.1
NL,2006-02-28,-4.5
NL,2006-03-31,0.4
NL,2006-04-30,-1.9
NL,2006-05-31,2.9
NL,2006-06-30,-1.3
NL,2006-07-31,1.4
NL,2006-08-31,-3.3
NL,2006-09-30,4.7
NL,2006-10-31,-2.6
NL,2006-11-30,1.5
NL,2006-12-31,4.1
NL,2007-01-31,1.1
NL,2007-02-28,6.5
NL,2007-03-31,3.8
NL,2007-04-30,-3.0
NL,2007-05-31,5.5
NL,2007-06-30,3.1
NL,2007-07-31,10.6
NL,2007-08-31,12.8
NL,2007-09-30,7.6
NL,2007-10-31,18.2
NL,2007-11-30,15.2
NL,2007-12-31,4.0
NL,2008-01-31,3.3
NL,2008-02-29,6.6
NL,2008-03-31,23.9
NL,2008-04-30,21.3
NL,2008-05-31,14.8
NL,2008-06-30,18.2
NL,2008-07-31,19.1
NL,2008-08-31,21.0
NL,2008-09-30,33.4
NL,2008-10-31,49.0
NL,2008-11-30,40.0
NL,2008-12-31,60.5
NL,2009-01-31,67.2
NL,2009-02-28,78.1
NL,2009-03-31,74.0
NL,2009-04-30,52.0
NL,2009-05-31,43.7
NL,2009-06-30,42.9
NL,2009-07-31,33.2
NL,2009-08-31,32.5
NL,2009-09-30,26.9
NL,2009-10-31,28.8
NL,2009-11-30,25.4
NL,2009-12-31,16.8
NL,2010-01-31,23.2
NL,2010-02-28,29.7
NL,2010-03-31,23.1
NL,2010-04-30,23.3
NL,2010-05-31,21.6
NL,2010-06-30,26.4
NL,2010-07-31,22.0
NL,2010-08-31,17.7
NL,2010-09-30,24.5
NL,2010-10-31,20.6
NL,2010-11-30,28.7
NL,2010-12-31,19.5
NL,2011-01-31,16.4
NL,2011-02-28,18.4
NL,2011-03-31,28.8
NL,2011-04-30,27.3
NL,2011-05-31,30.2
NL,2011-06-30,31.6
NL,2011-07-31,40.9
NL,2011-08-31,38.1
NL,2011-09-30,40.1
NL,2011-10-31,40.8
NL,2011-11-30,38.8
NL,2011-12-31,36.2
NL,2012-01-31,35.1
NL,2012-02-29,46.3
NL,2012-03-31,54.1
NL,2012-04-30,57.6
NL,2012-05-31,40.2
NL,2012-06-30,49.7
NL,2012-07-31,34.0
NL,2012-08-31,37.7
NL,2012-09-30,28.8
NL,2012-10-31,25.7
NL,2012-11-30,23.1
NL,2012-12-31,19.2
NL,2013-01-31,19.6
NL,2013-02-28,34.8
NL,2013-03-31,49.7
NL,2013-04-30,36.6
NL,2013-05-31,33.4
NL,2013-06-30,38.7
NL,2013-07-31,37.6
NL,2013-08-31,42.9
NL,2013-09-30,39.7
NL,2013-10-31,35.2
NL,2013-11-30,34.3
NL,2013-12-31,29.3
NL,2014-01-31,22.1
NL,2014-02-28,23.0
NL,2014-03-31,17.5
NL,2014-04-30,33.9
NL,2014-05-31,28.5
NL,2014-06-30,23.2
NL,2014-07-31,19.3
NL,2014-08-31,16.6
NL,2014-09-30,14.7
NL,2014-10-31,13.8
NL,2014-11-30,11.9
NL,2014-12-31,14.0
NL,2015-01-31,7.8
NL,2015-02-28,4.2
NL,2015-03-31,7.8
NL,2015-04-30,14.8
NL,2015-05-31,20.2
NL,2015-06-30,28.0
NL,2015-07-31,17.8
NL,2015-08-31,16.5
NL,2015-09-30,19.5
NL,2015-10-31,17.7
NL,2015-11-30,16.13
NL,2015-12-31,15.56
NL,2016-01-31,11.5
NL,2016-02-29,13.76
NL,2016-03-31,7.96
NL,2016-04-30,24.3
NL,2016-05-31,21.0
NL,2016-06-30,21.4
NL,2016-07-31,11.4
NL,2016-08-31,8.7
NL,2016-09-30,12.2
NL,2016-10-31,11.5
NL,2016-11-30,16.0
NL,2016-12-31,14.6
NL,2017-01-31,14.0
NL,2017-02-28,11.2
NL,2017-03-31,9.5
NL,2017-04-30,6.3
NL,2017-05-31,21.3
NL,2017-06-30,19.0
NL,2017-07-31,12.3
NL,2017-08-31,13.0
NL,2017-09-30,11.5
NL,2017-10-31,10.7
NL,2017-11-30,8.6
NL,2017-12-31,10.7
NL,2018-01-31,4.5
NL,2018-02-28,3.9
NL,2018-03-31,3.1
NL,2018-04-30,13.7
NL,2018-05-31,20.6
NL,2018-06-30,16.0
NL,2018-07-31,9.1
NL,2018-08-31,12.1
NL,2018-09-30,10.6
NL,2018-10-31,13.6
NL,2018-11-30,13.5
NL,2018-12-31,13.9
NL,2019-01-31,10.0
NL,2019-02-28,21.1
NL,2019-03-31,20.0
NL,2019-04-30,17.6
NL,2019-05-31,19.1
NL,2019-06-30,16.7
NL,2019-07-31,11.1
NL,2019-08-31,16.1
NL,2019-09-30,14.5
NL,2019-10-31,12.8
NL,2019-11-30,13.2
NL,2019-12-31,13.1
NL,2020-01-31,9.9
NL,2020-02-29,13.9
NL,2020-03-31,24.2
NL,2020-04-30,28.5
NL,2020-05-31,21.0
NL,2020-06-30,15.8
NL,2020-07-31,14.1
NL,2020-08-31,11.7
NL,2020-09-30,11.7
NL,2020-10-31,11.5
NL,2020-11-30,9.0
NL,2020-12-31,9.4
NL,2021-01-31,6.6
NL,2021-02-28,6.8
NL,2021-03-31,6.1
NL,2021-04-30,14.6
NL,2021-05-31,14.3
NL,2021-06-30,11.3
NL,2021-07-31,13.1
NL,2021-08-31,12.4
NL,2021-09-30,11.9
NL,2021-10-31,14.8
NL,2021-11-30,14.1
NL,2021-12-31,15.1
NL,2022-01-31,13.2
NL,2022-02-28,22.7
NL,2022-03-31,25.3
NL,2022-04-30,29.5
NL,2022-05-31,28.4
NL,2022-06-30,36.9
NL,2022-07-31,29.3
NL,2022-08-31,33.7
NL,2022-09-30,31.8
NL,2022-10-31,28.0
NL,2022-11-30,27.92
NL,2022-12-31,35.1
NL,2023-01-31,33.85
NL,2023-02-28,32.36
NL,2023-03-31,32.6
NL,2023-04-30,36.7
NL,2023-05-31,39.0
NL,2023-06-30,34.7
NL,2023-07-31,35.2
NL,2023-08-31,32.4
NL,2023-09-30,35.6
NL,2023-10-31,34.4
NL,2023-11-30,34.4
NL,2023-12-31,29.1
NL,2024-01-31,27.8
NL,2024-02-29,27.9
NL,2024-03-31,25.75
NL,2024-04-30,28.45
NL,2024-05-31,30.0
NL,2024-06-30,34.5
NL,2024-07-31,29.2
NL,2024-08-31,29.0
NL,2024-09-30,29.6
NL,2024-10-31,26.15
NL,2024-11-30,23.45
NL,2024-12-31,23.35
NL,2025-01-31,19.1
NL,2025-02-28,20.95
NL,2025-03-31,22.9
NL,2025-04-30,24.7
NL,2025-05-31,20.5
NL,2025-06-30,21.6
NL,2025-07-31,17.0
NL,2025-08-31,18.78
NL,2025-09-30,15.84
NL,2025-10-31,15.05
NL,2025-11-17,14.78
NL,2025-11-18,15.13
PT,1995-06-30,546.46
PT,1995-07-31,509.4
PT,1995-08-31,493.38
PT,1995-09-30,496.44
PT,1995-10-31,510.72
PT,1995-11-30,447.63
PT,1995-12-31,402.49
PT,1996-01-31,372.6
PT,1996-02-29,342.3
PT,1996-03-31,331.5
PT,1996-04-30,251.2
PT,1996-05-31,245.5
PT,1996-06-30,216.2
PT,1996-07-31,228.9
PT,1996-08-31,233.8
PT,1996-09-30,179.7
PT,1996-10-31,156.2
PT,1996-11-30,132.3
PT,1996-12-31,106.8
PT,1997-01-31,90.0
PT,1997-02-28,143.9
PT,1997-03-31,110.1
PT,1997-04-30,90.6
PT,1997-05-31,62.5
PT,1997-06-30,71.4
PT,1997-07-31,64.9
PT,1997-08-31,68.2
PT,1997-09-30,41.7
PT,1997-10-31,43.9
PT,1997-11-30,36.4
PT,1997-12-31,27.2
PT,1998-01-31,26.7
PT,1998-02-28,21.0
PT,1998-03-31,16.7
PT,1998-04-30,23.0
PT,1998-05-31,21.4
PT,1998-06-30,26.7
PT,1998-07-31,26.0
PT,1998-08-31,45.4
PT,1998-09-30,42.5
PT,1998-10-31,34.2
PT,1998-11-30,32.8
PT,1998-12-31,20.7
PT,1999-01-31,23.6
PT,1999-02-28,21.4
PT,1999-03-31,27.8
PT,1999-04-30,35.9
PT,1999-05-31,33.1
PT,1999-06-30,36.5
PT,1999-07-31,35.6
PT,1999-08-31,37.9
PT,1999-09-30,33.5
PT,1999-10-31,36.9
PT,1999-11-30,30.1
PT,1999-12-31,33.1
PT,2000-01-31,24.6
PT,2000-02-29,29.7
PT,2000-03-31,30.8
PT,2000-04-30,28.9
PT,2000-05-31,38.6
PT,2000-06-30,42.2
PT,2000-07-31,35.3
PT,2000-08-31,37.6
PT,2000-09-30,37.7
PT,2000-10-31,36.3
PT,2000-11-30,35.5
PT,2000-12-31,37.3
PT,2001-01-31,35.5
PT,2001-02-28,37.6
PT,2001-03-31,43.5
PT,2001-04-30,41.2
PT,2001-05-31,36.9
PT,2001-06-30,38.4
PT,2001-07-31,37.6
PT,2001-08-31,35.4
PT,2001-09-30,34.6
PT,2001-10-31,30.1
PT,2001-11-30,30.0
PT,2001-12-31,20.3
PT,2002-01-31,22.31
PT,2002-02-28,22.93
PT,2002-03-31,22.14
PT,2002-04-30,24.93
PT,2002-05-31,23.93
PT,2002-06-30,26.65
PT,2002-07-31,27.64
PT,2002-08-31,25.24
PT,2002-09-30,26.6
PT,2002-10-31,19.22
PT,2002-11-30,13.98
PT,2002-12-31,12.08
PT,2003-01-31,11.34
PT,2003-02-28,8.55
PT,2003-03-31,5.4
PT,2003-04-30,3.09
PT,2003-05-31,19.19
PT,2003-06-30,13.6
PT,2003-07-31,9.64
PT,2003-08-31,11.13
PT,2003-09-30,10.52
PT,2003-10-31,8.45
PT,2003-11-30,7.49
PT,2003-12-31,7.56
PT,2004-01-31,8.09
PT,2004-02-29,6.1
PT,2004-03-31,5.4
PT,2004-04-30,14.8
PT,2004-05-31,10.4
PT,2004-06-30,10.5
PT,2004-07-31,9.5
PT,2004-08-31,8.8
PT,2004-09-30,10.2
PT,2004-10-31,8.2
PT,2004-11-30,-3.4
PT,2004-12-31,-0.9
PT,2005-01-31,-1.8
PT,2005-02-28,-0.4
PT,2005-03-31,-6.0
PT,2005-04-30,2.3
PT,2005-05-31,-5.8
PT,2005-06-30,-6.7
PT,2005-07-31,16.8
PT,2005-08-31,9.0
PT,2005-09-30,14.1
PT,2005-10-31,12.6
PT,2005-11-30,10.5
PT,2005-12-31,13.6
PT,2006-01-31,14.5
PT,2006-02-28,11.3
PT,2006-03-31,10.8
PT,2006-04-30,13.5
PT,2006-05-31,9.0
PT,2006-06-30,11.1
PT,2006-07-31,17.1
PT,2006-08-31,17.0
PT,2006-09-30,17.6
PT,2006-10-31,17.0
PT,2006-11-30,18.3
PT,2006-12-31,17.7
PT,2007-01-31,14.8
PT,2007-02-28,17.0
PT,2007-03-31,14.1
PT,2007-04-30,13.3
PT,2007-05-31,16.5
PT,2007-06-30,19.4
PT,2007-07-31,28.2
PT,2007-08-31,27.4
PT,2007-09-30,20.0
PT,2007-10-31,24.5
PT,2007-11-30,26.6
PT,2007-12-31,16.2
PT,2008-01-31,28.9
PT,2008-02-29,31.1
PT,2008-03-31,50.5
PT,2008-04-30,45.8
PT,2008-05-31,33.9
PT,2008-06-30,45.6
PT,2008-07-31,45.0
PT,2008-08-31,49.2
PT,2008-09-30,69.1
PT,2008-10-31,91.1
PT,2008-11-30,75.3
PT,2008-12-31,101.3
PT,2009-01-31,127.8
PT,2009-02-28,173.8
PT,2009-03-31,153.3
PT,2009-04-30,116.6
PT,2009-05-31,81.5
PT,2009-06-30,99.4
PT,2009-07-31,61.0
PT,2009-08-31,63.5
PT,2009-09-30,63.7
PT,2009-10-31,54.4
PT,2009-11-30,58.9
PT,2009-12-31,66.7
PT,2010-01-31,120.1
PT,2010-02-28,137.5
PT,2010-03-31,113.6
PT,2010-04-30,207.3
PT,2010-05-31,221.1
PT,2010-06-30,343.2
PT,2010-07-31,263.4
PT,2010-08-31,325.1
PT,2010-09-30,407.6
PT,2010-10-31,345.2
PT,2010-11-30,448.1
PT,2010-12-31,373.3
PT,2011-01-31,390.5
PT,2011-02-28,443.8
PT,2011-03-31,509.0
PT,2011-04-30,685.3
PT,2011-05-31,693.3
PT,2011-06-30,812.1
PT,2011-07-31,842.9
PT,2011-08-31,857.2
PT,2011-09-30,938.1
PT,2011-10-31,990.5
PT,2011-11-30,1170.4
PT,2011-12-31,1174.1
PT,2012-01-31,1461.2
PT,2012-02-29,1195.7
PT,2012-03-31,983.0
PT,2012-04-30,910.0
PT,2012-05-31,1096.8
PT,2012-06-30,862.6
PT,2012-07-31,994.3
PT,2012-08-31,802.8
PT,2012-09-30,779.4
PT,2012-10-31,675.2
PT,2012-11-30,636.6
PT,2012-12-31,569.5
PT,2013-01-31,448.6
PT,2013-02-28,490.0
PT,2013-03-31,514.0
PT,2013-04-30,450.3
PT,2013-05-31,409.7
PT,2013-06-30,472.2
PT,2013-07-31,477.2
PT,2013-08-31,494.4
PT,2013-09-30,494.5
PT,2013-10-31,457.9
PT,2013-11-30,419.4
PT,2013-12-31,409.5
PT,2014-01-31,336.5
PT,2014-02-28,323.7
PT,2014-03-31,250.3
PT,2014-04-30,217.5
PT,2014-05-31,227.8
PT,2014-06-30,239.5
PT,2014-07-31,245.2
PT,2014-08-31,232.5
PT,2014-09-30,221.4
PT,2014-10-31,237.4
PT,2014-11-30,214.9
PT,2014-12-31,215.0
PT,2015-01-31,209.1
PT,2015-02-28,150.8
PT,2015-03-31,152.1
PT,2015-04-30,177.6
PT,2015-05-31,207.5
PT,2015-06-30,220.5
PT,2015-07-31,175.1
PT,2015-08-31,184.7
PT,2015-09-30,180.1
PT,2015-10-31,201.1
PT,2015-11-30,185.0
PT,2015-12-31,190.6
PT,2016-01-31,234.0
PT,2016-02-29,276.3
PT,2016-03-31,262.0
PT,2016-04-30,290.4
PT,2016-05-31,292.9
PT,2016-06-30,321.9
PT,2016-07-31,305.3
PT,2016-08-31,310.8
PT,2016-09-30,345.0
PT,2016-10-31,316.6
PT,2016-11-30,342.7
PT,2016-12-31,355.3
PT,2017-01-31,375.0
PT,2017-02-28,367.6
PT,2017-03-31,363.6
PT,2017-04-30,322.3
PT,2017-05-31,273.9
PT,2017-06-30,255.5
PT,2017-07-31,233.1
PT,2017-08-31,245.9
PT,2017-09-30,192.4
PT,2017-10-31,170.9
PT,2017-11-30,149.9
PT,2017-12-31,150.8
PT,2018-01-31,126.4
PT,2018-02-28,132.7
PT,2018-03-31,111.4
PT,2018-04-30,109.8
PT,2018-05-31,162.1
PT,2018-06-30,148.0
PT,2018-07-31,130.0
PT,2018-08-31,158.8
PT,2018-09-30,140.3
PT,2018-10-31,149.3
PT,2018-11-30,152.2
PT,2018-12-31,147.7
PT,2019-01-31,147.7
PT,2019-02-28,129.2
PT,2019-03-31,132.8
PT,2019-04-30,110.9
PT,2019-05-31,101.5
PT,2019-06-30,80.2
PT,2019-07-31,78.8
PT,2019-08-31,83.2
PT,2019-09-30,73.2
PT,2019-10-31,56.8
PT,2019-11-30,76.3
PT,2019-12-31,63.4
PT,2020-01-31,66.0
PT,2020-02-29,91.5
PT,2020-03-31,129.2
PT,2020-04-30,141.2
PT,2020-05-31,96.8
PT,2020-06-30,94.7
PT,2020-07-31,88.5
PT,2020-08-31,83.7
PT,2020-09-30,79.0
PT,2020-10-31,73.9
PT,2020-11-30,60.7
PT,2020-12-31,63.6
PT,2021-01-31,56.0
PT,2021-02-28,58.1
PT,2021-03-31,52.4
PT,2021-04-30,68.6
PT,2021-05-31,64.9
PT,2021-06-30,61.1
PT,2021-07-31,64.0
PT,2021-08-31,59.8
PT,2021-09-30,56.5
PT,2021-10-31,62.6
PT,2021-11-30,67.3
PT,2021-12-31,66.4
PT,2022-01-31,65.8
PT,2022-02-28,87.6
PT,2022-03-31,81.7
PT,2022-04-30,109.4
PT,2022-05-31,115.2
PT,2022-06-30,109.0
PT,2022-07-31,103.0
PT,2022-08-31,110.8
PT,2022-09-30,107.2
PT,2022-10-31,100.8
PT,2022-11-30,95.8
PT,2022-12-31,103.7
PT,2023-01-31,92.1
PT,2023-02-28,88.1
PT,2023-03-31,84.8
PT,2023-04-30,83.5
PT,2023-05-31,74.9
PT,2023-06-30,73.9
PT,2023-07-31,75.5
PT,2023-08-31,73.8
PT,2023-09-30,75.5
PT,2023-10-31,70.4
PT,2023-11-30,67.0
PT,2023-12-31,75.7
PT,2024-01-31,71.7
PT,2024-02-29,63.6
PT,2024-03-31,69.85
PT,2024-04-30,60.55
PT,2024-05-31,59.5
PT,2024-06-30,75.4
PT,2024-07-31,62.8
PT,2024-08-31,60.7
PT,2024-09-30,57.8
PT,2024-10-31,40.8
PT,2024-11-30,44.95
PT,2024-12-31,47.85
PT,2025-01-31,50.9
PT,2025-02-28,52.85
PT,2025-03-31,53.4
PT,2025-04-30,56.6
PT,2025-05-31,46.8
PT,2025-06-30,44.55
PT,2025-07-31,43.2
PT,2025-08-31,46.38
PT,2025-09-30,40.0
PT,2025-10-31,39.21
PT,2025-11-17,37.29
PT,2025-11-18,34.53
SI,2020-02-29,61.4
SI,2020-11-30,45.7
SI,2020-12-31,41.8
SI,2021-01-31,40.8
SI,2021-02-28,42.8
SI,2021-03-31,33.1
SI,2021-04-30,35.9
SI,2021-05-31,41.0
SI,2021-06-30,32.2
SI,2021-07-31,37.4
SI,2021-08-31,31.9
SI,2021-09-30,36.8
SI,2021-10-31,47.4
SI,2021-11-30,54.3
SI,2021-12-31,63.7
SI,2022-01-31,51.8
SI,2022-02-28,82.7
SI,2022-03-31,92.4
SI,2022-04-30,101.8
SI,2022-05-31,100.7
SI,2022-06-30,103.5
SI,2022-07-31,114.2
SI,2022-08-31,111.2
SI,2022-09-30,119.5
SI,2022-10-31,134.6
SI,2022-11-30,118.0
SI,2022-12-31,119.1
SI,2023-01-31,121.7
SI,2023-02-28,119.6
SI,2023-03-31,104.9
SI,2023-04-30,92.4
SI,2023-05-31,88.9
SI,2023-06-30,91.3
SI,2023-07-31,90.2
SI,2023-08-31,100.6
SI,2023-09-30,92.3
SI,2023-10-31,92.6
SI,2023-11-30,88.9
SI,2023-12-31,82.8
SI,2024-01-31,81.8
SI,2024-02-29,81.3
SI,2024-03-31,66.55
SI,2024-04-30,52.05
SI,2024-05-31,64.4
SI,2024-06-30,75.0
SI,2024-07-31,75.8
SI,2024-08-31,73.7
SI,2024-09-30,78.7
SI,2024-10-31,69.65
SI,2024-11-30,78.2
SI,2024-12-31,66.85
SI,2025-01-31,54.3
SI,2025-02-28,52.95
SI,2025-03-31,48.8
SI,2025-04-30,60.0
SI,2025-05-31,55.2
SI,2025-06-30,42.0
SI,2025-07-31,37.2
SI,2025-08-31,42.38
SI,2025-09-30,34.2
SI,2025-10-31,32.81
SI,2025-11-17,27.39
SI,2025-11-18,28.93
SK,2018-03-31,29.2
SK,2020-02-29,52.5
SK,2020-11-30,11.6
SK,2020-12-31,11.1
SK,2021-01-31,12.9
SK,2021-02-28,27.3
SK,2021-03-31,20.7
SK,2021-04-30,16.5
SK,2021-05-31,18.0
SK,2021-06-30,18.1
SK,2021-07-31,19.9
SK,2021-08-31,18.4
SK,2021-09-30,16.5
SK,2021-10-31,21.8
SK,2021-11-30,17.6
SK,2021-12-31,22.6
SK,2022-01-31,26.9
SK,2022-02-28,39.6
SK,2022-03-31,76.3
SK,2022-04-30,85.5
SK,2022-05-31,90.3
SK,2022-06-30,103.0
SK,2022-07-31,101.3
SK,2022-08-31,107.1
SK,2022-09-30,126.0
SK,2022-10-31,144.7
SK,2022-11-30,129.4
SK,2022-12-31,108.0
SK,2023-01-31,91.1
SK,2023-02-28,96.3
SK,2023-03-31,135.2
SK,2023-04-30,128.8
SK,2023-05-31,130.0
SK,2023-06-30,123.6
SK,2023-07-31,127.4
SK,2023-08-31,124.1
SK,2023-09-30,130.5
SK,2023-10-31,125.9
SK,2023-11-30,124.9
SK,2023-12-31,116.6
SK,2024-01-31,117.5
SK,2024-02-29,122.4
SK,2024-03-31,106.75
SK,2024-04-30,103.15
SK,2024-05-31,99.3
SK,2024-06-30,109.8
SK,2024-07-31,107.1
SK,2024-08-31,106.8
SK,2024-09-30,107.0
SK,2024-10-31,89.0
SK,2024-11-30,95.6
SK,2024-12-31,83.35
SK,2025-01-31,71.5
SK,2025-02-28,91.55
SK,2025-03-31,84.5
SK,2025-04-30,95.1
SK,2025-05-31,90.75
SK,2025-06-30,78.85
SK,2025-07-31,77.7
SK,2025-08-31,84.28
SK,2025-09-30,78.7
SK,2025-10-31,74.01
SK,2025-11-17,69.79
SK,2025-11-18,69.36
